brand,model,processor_brand,processor_name,ram_gb,ram_type,ssd,hdd,os,os_bit,graphic_card_gb,weight,display_size,warranty,touchscreen,msoffice,latest_price,reviews
asus,celeron,intel,celeron dual,4.0,ddr4,0,1024,windows,64,0,casual,15.6,1,no,no,16073.300000000001,1947
asus,vivobook,intel,core i3,8.0,ddr4,512,0,windows,64,0,casual,15.6,1,no,no,25453.300000000003,108
asus,vivobook,intel,core i3,8.0,ddr4,0,1024,windows,64,0,casual,14.1,1,no,no,22036.300000000003,4
hp,core,intel,core i3,8.0,ddr4,512,0,windows,64,0,thinnlight,15.6,1,no,yes,28803.300000000003,18
hp,core,intel,core i5,8.0,ddr4,512,0,windows,64,0,thinnlight,15.6,0,no,no,36843.3,15
lenovo,ideapad,intel,core i3,8.0,ddr4,0,1024,windows,64,0,thinnlight,15.6,1,no,yes,24113.300000000003,233
hp,15s,amd,ryzen 3,8.0,ddr4,256,1024,windows,64,0,casual,15.6,1,no,yes,28139.33,432
asus,core,intel,core i3,4.0,ddr4,256,0,windows,64,0,thinnlight,14.0,0,no,no,23067.43,6
dell,vostro,intel,core i3,8.0,ddr4,256,1024,windows,64,0,thinnlight,15.6,1,no,yes,27798.300000000003,5
lenovo,ideapad,intel,core i3,8.0,ddr4,256,0,windows,32,0,thinnlight,15.6,2,no,yes,25453.300000000003,235
hp,core,intel,core i5,8.0,ddr4,512,0,windows,64,0,thinnlight,15.6,1,no,no,36173.3,17
hp,ryzen,amd,ryzen 3,8.0,ddr4,256,0,windows,64,0,thinnlight,15.6,1,no,no,25453.300000000003,241
hp,pavilion,amd,ryzen 5,8.0,ddr4,512,0,windows,64,4,casual,15.6,1,no,no,38853.3,532
lenovo,ideapad,intel,core i5,8.0,ddr4,512,0,windows,64,0,casual,14.0,2,no,yes,35503.3,24
asus,vivobook,intel,core i3,4.0,ddr4,256,0,windows,32,0,casual,15.6,1,no,yes,24113.300000000003,181
dell,vostro,amd,ryzen 3,8.0,ddr4,0,1024,windows,64,0,thinnlight,14.0,1,no,yes,24113.300000000003,12
asus,vivobook,intel,core i3,8.0,ddr4,256,0,windows,64,0,thinnlight,14.0,0,no,no,22766.600000000002,3
hp,pavilion,intel,core i5,16.0,ddr4,512,0,windows,64,0,thinnlight,14.0,1,no,yes,45553.3,6
hp,core,intel,core i3,8.0,ddr4,256,0,windows,64,0,thinnlight,14.0,1,no,yes,26793.300000000003,30
apple,2020,apple,m1 processor,8.0,ddr4,256,0,mac,64,0,casual,13.3,1,no,no,57613.3,629
asus,vivobook,intel,pentium silver,4.0,ddr4,256,0,windows,64,0,thinnlight,14.0,0,no,no,20093.300000000003,3
asus,vivobook,intel,core i7,16.0,ddr4,512,0,windows,64,0,casual,15.6,1,no,no,38853.3,9
hp,core,intel,core i3,8.0,ddr4,512,0,windows,64,0,thinnlight,15.6,1,no,yes,28803.300000000003,59
lenovo,ideapad,intel,celeron dual,4.0,ddr4,256,0,windows,64,0,thinnlight,14.0,0,no,no,21439.33,19
dell,vostro,intel,core i3,8.0,ddr4,256,0,windows,64,0,thinnlight,14.0,1,no,yes,26458.300000000003,171
dell,inspiron,intel,core i3,8.0,ddr4,256,1024,windows,64,0,casual,15.6,0,no,no,30478.300000000003,16
msi,gf63,intel,hexa core,8.0,ddr4,256,1024,windows,64,4,casual,15.6,2,no,no,37513.3,272
msi,gf63,intel,core i7,8.0,ddr4,256,1024,windows,64,4,casual,15.6,2,no,no,42873.3,83
asus,tuf,intel,core i5,8.0,ddr4,512,0,windows,64,4,gaming,15.6,1,no,no,38853.3,412
asus,ryzen,amd,ryzen 3,8.0,ddr4,256,0,windows,64,0,thinnlight,15.6,1,no,no,24113.300000000003,375
lenovo,ideapad,intel,core i5,16.0,ddr4,512,0,windows,64,0,thinnlight,15.6,1,no,yes,41741.0,95
realme,book(slim),intel,core i5,8.0,ddr4,512,0,windows,64,0,casual,14.0,1,no,yes,35503.3,505
acer,aspire,amd,ryzen 3,8.0,ddr4,512,0,windows,64,0,casual,15.6,1,no,no,24783.300000000003,2
redmibook,15,intel,core i3,8.0,ddr4,256,0,windows,32,0,thinnlight,15.6,1,no,no,26123.300000000003,152
asus,vivobook,intel,core i5,8.0,ddr4,256,1024,windows,32,0,casual,15.6,1,no,yes,34163.3,127
asus,vivobook,intel,core i7,8.0,ddr4,512,0,windows,64,4,gaming,15.6,0,no,no,41533.3,2
msi,gf65,intel,core i7,16.0,ddr4,1024,0,windows,64,6,casual,15.6,2,no,no,56943.3,64
dell,inspiron,amd,ryzen 3,8.0,ddr4,256,0,windows,64,0,thinnlight,15.6,0,no,no,26458.300000000003,4
asus,vivobook,intel,core i5,8.0,ddr4,256,1024,windows,64,4,gaming,15.6,0,no,no,37513.3,0
hp,pavilion,intel,core i3,8.0,ddr4,256,0,windows,64,0,casual,14.0,1,yes,yes,36173.3,0
dell,vostro,amd,ryzen 5,8.0,ddr4,256,0,windows,64,0,casual,14.0,1,no,yes,28133.300000000003,107
lenovo,core,intel,core i5,8.0,ddr4,512,0,windows,64,0,thinnlight,15.6,1,no,no,35503.3,0
acer,aspire,intel,core i3,8.0,ddr4,256,0,windows,64,0,thinnlight,15.6,1,no,no,26123.300000000003,0
realme,book,intel,core i3,8.0,ddr4,256,0,windows,64,0,thinnlight,14.0,1,no,yes,31483.300000000003,1014
asus,vivobook,intel,core i3,4.0,ddr4,512,0,windows,64,0,casual,15.6,1,no,no,24113.300000000003,12
lenovo,ideapad,amd,ryzen 5,8.0,ddr4,512,0,windows,64,4,gaming,15.6,1,no,yes,38183.3,15
lenovo,ideapad,intel,core i5,8.0,ddr4,512,0,windows,64,0,thinnlight,15.6,2,no,yes,34833.3,4
lenovo,ideapad,amd,ryzen 5,8.0,ddr4,512,0,windows,64,0,thinnlight,15.6,1,no,no,32823.3,27
lenovo,ideapad,intel,core i5,16.0,ddr4,512,0,windows,64,0,thinnlight,14.0,0,no,no,41533.3,7
dell,inspiron,amd,ryzen 5,8.0,ddr4,256,1024,windows,64,0,casual,15.6,0,no,no,33158.3,3
dell,inspiron,intel,core i3,8.0,ddr4,0,1024,windows,64,0,thinnlight,15.6,0,no,no,28468.300000000003,40
asus,vivobook,amd,ryzen 5,8.0,ddr4,256,1024,windows,64,0,casual,15.6,1,no,no,36843.3,3
redmibook,15,intel,core i3,8.0,ddr4,512,0,windows,32,0,thinnlight,15.6,1,no,no,28803.300000000003,152
lenovo,legion,amd,ryzen 5,8.0,ddr4,256,1024,windows,64,4,casual,15.6,0,no,no,45895.0,24
hp,ryzen,amd,ryzen 5,8.0,ddr4,512,0,windows,64,0,thinnlight,14.0,1,no,yes,33479.9,28
lenovo,ideapad,intel,core i5,8.0,ddr4,256,0,windows,64,0,casual,15.6,2,no,yes,33158.3,35
asus,vivobook,intel,core i3,8.0,ddr4,512,0,windows,64,0,casual,14.0,1,no,no,28803.300000000003,4
msi,modern,amd,ryzen 5,8.0,ddr4,512,0,windows,64,0,casual,14.0,0,no,no,32153.300000000003,89
hp,ryzen,amd,ryzen 5,8.0,ddr4,512,0,windows,64,0,thinnlight,15.6,1,no,yes,32823.3,5
asus,core,intel,core i3,8.0,ddr4,256,0,windows,64,0,thinnlight,15.6,1,no,no,25453.300000000003,39
asus,vivobook,intel,core i3,8.0,ddr4,256,0,windows,64,0,casual,14.0,1,no,yes,25386.300000000003,5
redmibook,pro,intel,core i5,8.0,ddr4,512,0,windows,32,0,thinnlight,15.6,1,no,no,32823.3,242
hp,pavilion,amd,ryzen 7,16.0,ddr4,256,1024,windows,64,4,gaming,15.6,1,no,yes,50913.3,123
apple,2020,apple,m1 processor,8.0,ddr4,256,0,mac,64,0,casual,13.3,1,no,no,75703.3,70
lenovo,ideapad,intel,core i3,8.0,ddr4,256,0,windows,64,0,thinnlight,14.0,1,no,no,26123.300000000003,4
asus,vivobook,intel,core i5,8.0,lpddr4x,512,0,windows,32,0,casual,14.0,1,yes,yes,42873.3,1
asus,vivobook,intel,core i3,8.0,lpddr4x,512,0,windows,32,0,casual,14.0,1,yes,yes,34833.3,2
lenovo,thinkpad,intel,core i5,8.0,ddr4,512,0,windows,64,0,casual,15.6,1,no,yes,44213.3,4
nokia,purebook,intel,core i5,8.0,ddr4,512,0,windows,64,0,thinnlight,14.0,0,no,no,32153.300000000003,242
acer,swift,amd,ryzen 5,8.0,lpddr4x,512,0,windows,64,0,thinnlight,14.0,1,no,no,36173.3,0
asus,vivobook,intel,core i3,8.0,ddr4,512,0,windows,64,0,casual,15.6,1,no,no,32823.3,30
acer,aspire,intel,core i5,8.0,ddr4,512,0,windows,64,0,thinnlight,15.6,1,no,no,35503.3,20
apple,macbook,apple,m1 processor,16.0,ddr4,512,0,mac,64,0,casual,13.3,1,no,no,100493.3,70
acer,predator,intel,core i7,16.0,ddr4,512,1024,windows,64,4,casual,15.6,1,no,no,62303.3,37
asus,asus,amd,ryzen 7,16.0,ddr4,512,0,windows,32,4,gaming,17.3,0,no,no,51583.3,3
lenovo,ideapad,intel,core i5,8.0,ddr4,512,0,windows,64,0,thinnlight,15.6,1,no,no,33493.3,0
asus,asus,intel,core i5,8.0,ddr4,512,0,windows,64,4,gaming,17.3,0,no,no,48233.3,17
lenovo,ideapad,intel,core i3,8.0,ddr4,256,0,windows,64,0,thinnlight,14.0,0,no,no,25453.300000000003,36
asus,vivobook,intel,core i5,8.0,ddr4,512,0,windows,64,0,casual,15.6,1,no,no,32153.300000000003,2
asus,asus,intel,core i5,8.0,ddr4,1024,0,windows,64,4,gaming,15.6,0,no,no,50913.3,48
nokia,purebook,intel,core i5,8.0,ddr4,512,0,windows,64,0,thinnlight,14.0,0,no,no,30813.300000000003,1
lenovo,ideapad,intel,core i5,8.0,ddr4,512,0,windows,32,0,thinnlight,15.6,2,no,yes,32488.300000000003,13
asus,asus,intel,core i5,8.0,ddr4,512,0,windows,64,4,gaming,17.3,0,no,no,48903.3,10
asus,vivobook,amd,ryzen 5,8.0,ddr4,256,1024,windows,64,0,casual,15.6,1,no,no,36843.3,6
msi,katana,intel,core i5,16.0,ddr4,512,0,windows,64,4,casual,15.6,2,no,no,51583.3,17
apple,macbook,apple,m1 processor,16.0,ddr4,256,0,mac,64,0,casual,13.3,1,no,no,70343.3,4
msi,gf65,intel,hexa core,16.0,ddr4,512,0,windows,64,6,casual,15.6,2,no,no,51583.3,49
acer,aspire,intel,core i5,8.0,ddr4,256,1024,windows,64,0,casual,15.6,1,no,no,38853.3,1
asus,vivobook,intel,core i5,8.0,ddr4,256,1024,windows,64,0,casual,15.6,1,no,no,35503.3,0
dell,vostro,intel,core i3,8.0,ddr4,256,0,windows,64,0,thinnlight,14.96,1,no,yes,28133.300000000003,5
lenovo,ideapad,amd,ryzen 5,8.0,ddr4,512,0,windows,64,0,casual,15.6,1,no,yes,35503.3,5
asus,tuf,intel,core i5,16.0,ddr4,512,0,windows,64,6,gaming,15.6,1,no,yes,60293.3,17
asus,vivobook,intel,core i3,8.0,ddr4,512,0,windows,64,0,casual,14.0,1,no,no,28803.300000000003,7
apple,2020,apple,m1 processor,8.0,ddr4,512,0,mac,64,0,casual,13.3,1,no,no,84413.3,45
asus,vivobook,intel,core i3,8.0,ddr4,256,0,windows,64,0,casual,15.6,1,no,no,30813.300000000003,147
msi,gf63,intel,core i5,8.0,ddr4,512,0,windows,64,4,casual,15.6,2,no,no,40193.3,228
msi,katana,intel,i7,8.0,ddr4,0,0,windows,32,4,casual,14.76240673886883,0,no,no,58283.3,27
asus,zenbook,intel,core i7,16.0,lpddr4x,1024,0,windows,64,2,casual,14.0,1,yes,yes,70343.3,0
apple,2020,apple,m1 processor,8.0,ddr4,512,0,mac,64,0,casual,13.3,1,no,no,69673.3,91
acer,predator,intel,core i7,16.0,ddr4,512,1024,windows,32,6,casual,15.6,1,no,no,80393.3,54
apple,2020,apple,m1 processor,8.0,ddr4,256,0,mac,64,0,casual,13.3,1,no,no,75703.3,70
apple,2020,apple,m1 processor,8.0,ddr4,512,0,mac,64,0,casual,13.3,1,no,no,68333.3,91
asus,pentium,intel,pentium quad,4.0,lpddr4,0,1024,windows,64,0,casual,15.6,0,no,no,18753.300000000003,0
hp,celeron,intel,celeron dual,8.0,ddr4,256,0,windows,64,0,thinnlight,14.0,0,no,no,21768.300000000003,6
dell,inspiron,amd,ryzen 3,8.0,ddr4,256,0,windows,64,0,thinnlight,14.96,0,no,no,24783.300000000003,15
dell,inspiron,intel,core i5,8.0,ddr4,256,1024,windows,64,0,casual,15.6,1,no,no,38853.3,0
lenovo,core,intel,core i3,8.0,ddr4,512,0,windows,64,0,thinnlight,15.6,1,no,no,26123.300000000003,1
hp,ryzen,amd,ryzen 3,8.0,ddr4,512,0,windows,64,0,thinnlight,14.0,0,no,no,29138.300000000003,33
lenovo,ideapad,intel,core i3,8.0,ddr4,256,0,windows,64,0,thinnlight,15.6,1,no,no,26793.300000000003,65
asus,tuf,intel,core i5,8.0,ddr4,512,0,windows,64,4,gaming,15.6,1,no,yes,44213.3,378
dell,inspiron,intel,core i5,8.0,ddr4,512,0,windows,64,0,casual,14.0,0,yes,no,48233.3,1
dell,inspiron,intel,core i3,8.0,ddr4,256,0,windows,64,0,thinnlight,15.6,0,no,no,28468.300000000003,1
dell,inspiron,intel,core i3,8.0,ddr4,256,1024,windows,64,0,casual,15.6,0,no,no,29808.300000000003,103
dell,inspiron,intel,core i3,8.0,ddr4,512,0,windows,64,0,thinnlight,14.96,0,no,no,30813.300000000003,29
acer,nitro,amd,5,8.0,ddr4,0,0,windows,32,4,casual,14.76240673886883,0,no,no,40193.3,240
asus,vivobook,intel,core i3,8.0,ddr4,256,1024,windows,64,0,casual,14.1,1,no,yes,28066.300000000003,6
acer,aspire,amd,ryzen 5,8.0,ddr4,512,0,windows,64,0,casual,15.6,1,no,no,29473.300000000003,0
msi,pulse,intel,i7,8.0,ddr4,0,0,windows,32,6,casual,14.76240673886883,0,no,no,73693.3,16
apple,macbook,apple,m1 processor,16.0,ddr4,256,0,mac,64,0,casual,13.3,1,no,no,89103.3,70
lenovo,ideapad,amd,ryzen 5,8.0,ddr4,512,0,windows,64,4,gaming,15.6,0,no,no,39858.3,10
hp,core,intel,core i3,8.0,ddr4,512,0,windows,64,0,thinnlight,15.6,1,no,yes,28468.300000000003,126
msi,alpha,amd,ryzen 7,16.0,ddr4,1024,0,windows,64,8,casual,15.6,1,no,no,66993.3,24
asus,rog,amd,ryzen 7,8.0,lpddr4x,1024,0,windows,64,4,casual,14.0,0,no,no,48903.3,24
dell,inspiron,intel,core i5,8.0,ddr4,512,0,windows,64,0,casual,14.0,0,yes,no,48166.3,0
lenovo,ideapad,intel,i5,8.0,ddr4,0,0,windows,32,0,casual,14.76240673886883,0,no,no,48903.3,19
msi,gf63,intel,core i7,16.0,ddr4,512,0,windows,64,4,casual,15.6,2,no,no,53593.3,56
asus,rog,amd,ryzen 9,16.0,ddr4,1024,0,windows,64,6,casual,15.6,1,no,no,91113.3,0
lenovo,ideapad,intel,core i7,8.0,ddr4,512,0,windows,64,4,gaming,15.6,1,no,yes,46223.3,2
msi,bravo,amd,ryzen 5,8.0,ddr4,512,0,windows,64,4,casual,15.6,0,no,no,43543.3,80
infinix,inbook,intel,core i3,8.0,lpddr4x,256,0,windows,64,0,thinnlight,14.0,0,no,no,22103.300000000003,265
asus,zenbook,intel,core i7,16.0,lpddr4x,1024,0,windows,64,0,casual,14.0,1,yes,no,90443.3,0
acer,nitro,amd,ryzen 7,16.0,ddr4,256,1024,windows,64,6,casual,15.6,1,no,no,60293.3,36
lenovo,ideapad,intel,core i5,16.0,ddr4,512,0,windows,64,0,thinnlight,15.6,0,no,no,43543.3,0
mi,notebook,intel,core i7,8.0,ddr4,512,0,windows,64,2,casual,14.0,1,no,no,39858.3,40
hp,core,intel,core i3,8.0,ddr4,512,0,windows,64,0,thinnlight,15.6,1,no,yes,29459.9,56
asus,vivobook,intel,core i5,16.0,ddr4,512,0,windows,64,0,casual,14.0,1,no,no,44213.3,0
apple,macbook,apple,m1 processor,16.0,ddr4,256,0,mac,64,0,casual,13.3,1,no,no,70343.3,4
dell,vostro,intel,core i3,4.0,ddr4,256,0,windows,64,0,thinnlight,14.0,1,no,yes,24783.300000000003,137
apple,macbook,apple,m1 processor,8.0,ddr4,512,0,mac,64,0,casual,13.3,1,no,no,70343.3,629
hp,core,intel,core i5,8.0,ddr4,512,0,windows,64,0,thinnlight,15.6,0,no,no,37519.33,1
asus,vivobook,intel,core i5,16.0,ddr4,512,0,windows,64,4,casual,14.0,1,no,no,49238.3,45
hp,pavilion,intel,core i5,16.0,ddr4,512,0,windows,64,0,thinnlight,14.0,1,no,yes,49908.3,0
acer,aspire,intel,core i5,8.0,ddr4,256,1024,windows,64,0,thinnlight,15.6,1,no,no,38183.3,2
dell,vostro,amd,ryzen 5,8.0,ddr4,512,0,windows,64,0,thinnlight,14.0,0,no,no,31818.300000000003,1
lenovo,ideapad,intel,core i3,8.0,ddr4,256,0,windows,64,0,casual,14.0,1,yes,yes,36173.3,41
hp,hp,amd,ryzen 5,8.0,ddr4,512,0,windows,64,4,casual,15.6,1,no,no,40193.3,188
acer,nitro,amd,ryzen 7,16.0,ddr4,256,1024,windows,64,4,casual,15.6,0,no,no,54933.3,24
asus,vivobook,intel,core i3,8.0,ddr4,256,0,windows,64,0,thinnlight,14.0,0,no,no,24783.300000000003,1
asus,core,intel,core i3,4.0,ddr4,512,0,windows,64,0,thinnlight,15.6,1,no,yes,26793.300000000003,297
dell,ryzen,amd,ryzen 3,8.0,ddr4,256,0,windows,64,0,thinnlight,15.6,1,no,no,26793.300000000003,0
asus,ryzen,amd,ryzen 7,16.0,ddr4,512,0,windows,64,4,casual,14.0,1,no,no,53593.3,0
lenovo,ideapad,intel,core i3,4.0,ddr4,256,0,windows,64,0,casual,15.6,2,no,no,26089.800000000003,64
dell,inspiron,intel,core i3,4.0,ddr4,256,0,windows,64,0,casual,15.0,1,no,yes,26458.300000000003,64
asus,chromebook,intel,celeron dual,4.0,lpddr4,0,0,windows,32,0,casual,14.76240673886883,0,no,no,15738.300000000001,92
hp,pavilion,intel,core i5,8.0,ddr4,512,0,windows,64,0,thinnlight,14.0,1,no,yes,39087.8,6
asus,rog,amd,ryzen 9,16.0,ddr4,1024,0,windows,32,0,casual,15.6,1,no,no,103843.3,42
acer,aspire,intel,core i5,8.0,ddr4,512,0,windows,64,0,thinnlight,14.0,1,no,no,37519.33,0
lenovo,legion,amd,ryzen 5,8.0,ddr4,512,0,windows,64,4,casual,15.6,0,no,no,46893.3,0
dell,inspiron,amd,ryzen 5,8.0,ddr4,256,0,windows,64,0,thinnlight,15.6,1,no,no,29808.300000000003,1
acer,travelmate,intel,core i5,8.0,ddr4,256,1024,windows,64,0,casual,14.0,0,no,no,37178.3,3
apple,2020,apple,m1 processor,8.0,ddr4,512,0,mac,64,0,casual,13.3,1,no,no,88433.3,45
msi,core,intel,core i3,8.0,ddr4,512,0,windows,64,0,thinnlight,14.0,0,no,no,32823.3,3
hp,pavilion,intel,core i3,8.0,ddr4,512,0,windows,64,0,casual,14.0,1,no,yes,36843.3,3
hp,15-ec1105ax,amd,ryzen 5,8.0,ddr4,512,0,windows,64,4,casual,15.6,1,no,no,39523.3,134
dell,inspiron,intel,core i5,16.0,ddr4,512,0,windows,64,0,thinnlight,14.0,0,no,no,45553.3,9
dell,inspiron,intel,core i5,8.0,ddr4,256,1024,windows,64,2,casual,15.6,1,no,no,41868.3,20
asus,vivobook,intel,core i3,8.0,ddr4,256,0,windows,64,0,casual,15.6,1,no,no,30813.300000000003,147
asus,vivobook,intel,core i5,16.0,ddr4,512,0,windows,64,0,casual,14.0,1,no,no,40193.3,2
lenovo,ideapad,intel,core i3,8.0,ddr4,256,0,windows,64,0,casual,15.6,2,no,yes,26799.33,0
dell,vostro,amd,ryzen 5,8.0,ddr4,512,0,windows,64,0,thinnlight,14.0,1,no,no,39858.3,18
hp,pavilion,amd,ryzen 5,16.0,ddr4,512,0,windows,64,0,thinnlight,15.6,1,no,yes,45225.0,19
asus,tuf,intel,core i5,16.0,ddr4,512,0,windows,64,6,casual,15.6,1,no,yes,55603.3,31
asus,vivobook,amd,ryzen 5,8.0,ddr4,256,1024,windows,32,0,casual,15.6,1,no,yes,36843.3,65
lenovo,ideapad,intel,core i7,16.0,ddr4,512,0,windows,64,0,casual,14.0,1,yes,yes,57613.3,10
dell,inspiron,intel,core i3,8.0,ddr4,256,0,windows,64,0,thinnlight,15.6,1,no,no,28803.300000000003,2
lenovo,legion,intel,core i7,16.0,ddr4,512,0,windows,64,4,casual,15.6,1,no,yes,66993.3,3
asus,asus,intel,core i7,16.0,ddr4,1024,0,windows,64,4,gaming,15.6,0,no,no,66323.3,56
asus,rog,amd,ryzen 7,8.0,ddr4,512,0,windows,64,4,casual,15.6,0,no,no,48233.3,16
asus,asus,intel,pentium quad,8.0,lpddr4x,256,0,windows,64,0,casual,13.3,1,yes,no,42203.3,0
dell,vostro,intel,core i5,8.0,ddr4,512,0,windows,64,2,casual,14.0,1,no,yes,43007.3,0
hp,ryzen,amd,ryzen 5,8.0,ddr4,512,0,windows,32,0,casual,15.6,0,no,no,32823.3,1
asus,vivobook,amd,ryzen 5,8.0,ddr4,512,0,windows,64,0,casual,14.0,1,yes,yes,41841.5,36
dell,core,intel,core i5,16.0,ddr4,512,0,windows,64,0,thinnlight,14.0,0,no,no,46960.3,1
acer,aspire,intel,core i5,8.0,ddr4,0,1024,windows,64,0,casual,15.6,0,no,no,33493.3,0
lenovo,yoga,intel,i7,8.0,ddr4,0,0,windows,32,0,casual,14.76240673886883,0,no,no,69003.3,14
asus,ryzen,amd,ryzen 3,4.0,ddr4,256,0,windows,64,0,thinnlight,15.6,1,no,no,22572.300000000003,26
dell,vostro,intel,core i3,4.0,ddr4,256,1024,windows,64,0,thinnlight,14.0,1,no,yes,28803.300000000003,7
acer,travelmate,intel,core i3,8.0,ddr4,256,1024,windows,64,0,casual,14.0,0,no,no,27463.300000000003,2
asus,vivobook,intel,core i5,16.0,ddr4,256,1024,windows,64,0,casual,15.6,1,no,no,43543.3,1
dell,inspiron,intel,core i3,8.0,ddr4,256,0,windows,64,0,casual,14.0,1,yes,no,33493.3,5
realme,book(slim),intel,core i5,8.0,ddr4,512,0,windows,64,0,casual,14.0,1,no,yes,40869.33,505
hp,15s,amd,ryzen 3,8.0,ddr4,0,1024,windows,64,0,thinnlight,15.6,1,no,yes,26458.300000000003,895
asus,core,intel,core i5,8.0,ddr4,512,0,windows,64,2,thinnlight,15.6,1,no,no,33493.3,3
lenovo,ideapad,intel,core i5,8.0,ddr4,256,1024,windows,64,2,casual,15.6,1,no,yes,40193.3,4
hp,ryzen,amd,ryzen 3,8.0,ddr4,512,0,windows,64,0,thinnlight,15.6,1,no,yes,27798.300000000003,21
apple,macbook,apple,m1 processor,8.0,ddr4,1024,0,mac,64,0,casual,13.3,1,no,no,100493.3,70
apple,macbook,apple,m1 processor,16.0,ddr4,1024,0,mac,64,0,casual,13.3,1,no,no,113893.3,70
dell,inspiron,amd,ryzen 5,8.0,ddr4,256,0,windows,64,0,casual,15.6,1,no,yes,28133.300000000003,84
acer,predator,intel,core i9,32.0,ddr4,1024,0,windows,64,8,casual,15.6,1,no,no,113893.3,0
asus,vivobook,intel,core i5,8.0,ddr4,256,1024,windows,64,2,casual,15.6,1,no,yes,40327.3,4
msi,core,intel,core i3,8.0,ddr4,512,0,windows,64,0,thinnlight,14.0,0,no,no,27463.300000000003,17
msi,core,intel,core i5,8.0,ddr4,512,0,windows,64,0,thinnlight,14.0,0,no,no,37178.3,1
dell,vostro,amd,ryzen 5,8.0,ddr4,256,0,windows,64,0,thinnlight,14.0,1,no,yes,29808.300000000003,2
hp,spectre,intel,core i5,8.0,lpddr4x,512,0,windows,64,0,casual,13.3,0,yes,no,65653.3,1
asus,vivobook,intel,core i3,8.0,ddr4,512,0,windows,64,0,thinnlight,14.1,1,no,yes,28133.300000000003,0
lenovo,ideapad,intel,core i3,8.0,ddr4,512,0,windows,64,0,thinnlight,14.0,1,yes,no,36843.3,34
dell,vostro,intel,core i3,8.0,ddr4,0,1024,windows,64,0,thinnlight,14.0,0,no,no,28267.300000000003,21
acer,predator,intel,core i9,16.0,ddr4,1024,0,windows,64,6,casual,15.6,1,no,no,93793.3,0
asus,rog,amd,ryzen 9,16.0,ddr4,1024,0,windows,64,8,casual,15.6,1,no,yes,133993.30000000002,2
dell,vostro,intel,core i3,8.0,ddr4,0,1024,windows,64,0,thinnlight,14.0,1,no,yes,26458.300000000003,189
lenovo,ideapad,amd,apu dual,4.0,ddr4,0,0,windows,64,0,casual,14.76240673886883,0,no,no,13125.300000000001,256
asus,apu,amd,quad,8.0,ddr4,0,0,windows,32,0,casual,14.76240673886883,0,no,no,13393.300000000001,476
apple,macbook,apple,m1 processor,16.0,ddr4,512,0,mac,64,0,casual,13.3,1,no,no,86423.3,4
asus,vivobook,intel,core i3,8.0,ddr4,512,0,windows,64,0,casual,14.0,1,no,yes,30143.300000000003,305
hp,core,intel,core i3,8.0,ddr4,512,0,windows,64,0,casual,15.6,1,no,no,27637.5,11
hp,pentium,intel,pentium quad,8.0,ddr4,256,0,windows,64,0,thinnlight,14.0,1,no,yes,22103.300000000003,9
apple,2021,apple,m1 pro,16.0,unified,1024,0,mac,64,0,casual,14.2,1,no,no,151413.30000000002,8
hp,core,intel,core i3,8.0,ddr4,512,0,windows,64,0,thinnlight,14.0,0,no,no,30143.300000000003,0
apple,2021,apple,m1 pro,16.0,unified,512,0,mac,64,0,casual,14.2,1,no,no,123943.3,8
asus,vivobook,intel,core i5,8.0,ddr4,512,0,windows,64,4,gaming,15.6,1,no,yes,36843.3,227
apple,2021,apple,m1 pro,16.0,unified,1024,0,mac,64,0,casual,16.2,1,no,no,163473.30000000002,8
apple,2021,apple,m1 pro,16.0,unified,512,0,mac,64,0,casual,16.2,1,no,no,151413.30000000002,8
lenovo,thinkbook,intel,core i5,8.0,ddr4,512,0,windows,64,0,thinnlight,15.0,1,no,yes,40193.3,2
dell,vostro,intel,core i3,8.0,ddr4,256,0,windows,64,0,thinnlight,14.0,1,no,yes,27798.300000000003,165
dell,inspiron,intel,core i3,8.0,ddr4,256,0,windows,64,0,thinnlight,14.96,0,no,no,28133.300000000003,21
asus,vivobook,intel,core i3,8.0,ddr4,512,0,windows,64,0,casual,14.0,1,no,no,28803.300000000003,11
asus,vivobook,intel,core i5,8.0,ddr4,256,1024,windows,64,4,gaming,15.6,0,no,no,36508.3,47
apple,2021,apple,m1 max,32.0,unified,1024,0,mac,64,0,casual,16.2,1,no,no,207693.30000000002,1
lenovo,legion,intel,core i5,8.0,ddr4,256,1024,windows,64,4,casual,15.6,1,no,yes,40863.3,17
lenovo,ideapad,intel,core i5,8.0,ddr4,512,0,windows,64,0,thinnlight,15.6,1,no,yes,36173.3,2
hp,pavilion,intel,core i5,16.0,ddr4,512,0,windows,64,0,thinnlight,14.0,1,no,yes,44889.33,1
lenovo,ideapad,amd,ryzen 5,8.0,ddr4,256,1024,windows,64,0,gaming,15.6,1,no,yes,42873.3,116
infinix,x1,intel,core i7,16.0,lpddr4x,512,0,windows,64,8,casual,14.0,0,no,no,36843.3,14
dell,core,intel,core i3,8.0,ddr4,512,0,windows,64,0,casual,14.0,1,yes,no,40729.3,1
asus,rog,amd,ryzen 7,8.0,ddr4,512,0,windows,64,4,casual,15.6,0,no,no,48233.3,235
dell,inspiron,intel,core i3,8.0,ddr4,256,1024,windows,64,0,thinnlight,15.6,1,no,no,32823.3,92
asus,rog,amd,ryzen 9,16.0,ddr4,1024,0,windows,64,4,casual,15.6,0,no,no,77043.3,4
lenovo,lenovo,amd,ryzen 7,16.0,ddr4,512,0,windows,64,4,casual,15.6,1,no,yes,66993.3,1
asus,vivobook,amd,ryzen 5,8.0,ddr4,512,0,windows,64,0,casual,14.0,1,no,no,39523.3,34
asus,chromebook,intel,celeron dual,4.0,lpddr4,0,0,windows,32,0,casual,14.76240673886883,0,no,no,16743.3,93
lenovo,thinkpad,amd,ryzen 5,8.0,ddr4,512,0,windows,64,0,thinnlight,14.0,0,no,no,38518.3,4
acer,intel,intel,core i5,8.0,lpddr4x,512,0,windows,64,0,thinnlight,14.0,1,no,yes,40863.3,1
dell,inspiron,intel,core i5,4.0,ddr4,256,1024,windows,64,0,thinnlight,14.9,1,no,yes,37379.3,4
acer,aspire,intel,core i5,8.0,ddr4,0,1024,windows,64,0,thinnlight,14.0,1,no,no,31483.300000000003,28
asus,ryzen,amd,ryzen 7,16.0,ddr4,512,0,windows,64,0,casual,14.0,1,no,no,53593.3,0
asus,vivobook,intel,core i5,16.0,ddr4,256,1024,windows,64,0,casual,15.6,1,no,yes,43543.3,51
hp,core,intel,core i3,8.0,ddr4,512,0,windows,64,0,casual,15.6,0,no,no,30585.500000000004,4
lenovo,ideapad,intel,core i3,8.0,ddr4,256,0,windows,64,0,thinnlight,14.0,1,no,yes,28133.300000000003,160
hp,15s,intel,core i3,8.0,ddr4,0,1024,windows,64,0,thinnlight,15.6,1,no,yes,29272.300000000003,490
asus,tuf,intel,core i5,8.0,ddr4,1024,0,windows,64,4,gaming,17.3,1,no,yes,52253.3,26
asus,chromebook,intel,celeron dual,4.0,lpddr4,0,0,windows,32,0,casual,14.76240673886883,0,no,no,14398.300000000001,113
asus,core,intel,core i5,16.0,ddr4,256,1024,windows,64,0,thinnlight,17.3,0,no,no,39523.3,1
asus,rog,amd,ryzen 9,16.0,ddr4,1024,0,windows,64,6,casual,15.6,1,no,yes,87093.3,35
asus,core,intel,core i5,8.0,ddr4,512,0,windows,64,0,thinnlight,15.6,1,no,yes,32153.300000000003,152
apple,2020,apple,m1 processor,8.0,ddr4,256,0,mac,64,0,casual,13.3,1,no,no,57613.3,629
dell,ryzen,amd,ryzen 7,16.0,ddr4,512,0,windows,64,4,casual,15.6,1,no,no,62973.3,0
hp,pavilion,amd,ryzen 5,8.0,ddr4,512,0,windows,64,0,thinnlight,15.6,1,no,yes,38859.33,15
hp,core,intel,core i5,8.0,ddr4,512,0,windows,32,0,thinnlight,14.0,1,no,yes,40199.33,1
asus,vivobook,intel,core i7,16.0,ddr4,256,1024,windows,64,4,gaming,15.6,0,no,no,44883.3,4
asus,vivobook,intel,core i7,8.0,ddr4,512,0,windows,64,0,casual,14.0,1,no,yes,52253.3,5
dell,g15,intel,core i5,16.0,ddr4,512,0,windows,64,4,casual,15.6,1,no,no,53593.3,0
asus,vivobook,amd,ryzen 5,16.0,ddr4,512,0,windows,64,0,casual,15.6,0,no,no,38183.3,1
lenovo,ideapad,intel,core i7,8.0,ddr4,512,0,windows,64,4,gaming,15.6,0,no,no,53593.3,2
dell,vostro,intel,core i3,8.0,ddr4,512,0,windows,64,0,thinnlight,14.0,1,no,yes,28133.300000000003,7
hp,pavilion,amd,ryzen 5,8.0,ddr4,512,0,windows,64,4,casual,15.6,1,no,yes,48903.3,4
asus,tuf,intel,core i5,8.0,ddr4,512,0,windows,64,4,gaming,15.6,1,no,no,42873.3,0
hp,pavilion,intel,core i5,8.0,ddr4,512,0,windows,64,0,thinnlight,15.6,1,no,yes,42873.3,1
infinix,inbook,intel,core i3,8.0,lpddr4x,256,0,windows,64,0,thinnlight,14.0,0,no,no,22103.300000000003,265
asus,chromebook,intel,celeron dual,4.0,lpddr4,0,0,windows,32,0,casual,14.76240673886883,0,no,no,16073.300000000001,170
asus,rog,intel,core i5,8.0,ddr4,1024,0,windows,64,4,casual,15.6,1,no,no,52253.3,26
hp,pavilion,amd,ryzen 5,16.0,ddr4,512,0,windows,64,0,casual,13.3,1,no,yes,44213.3,18
asus,vivobook,intel,core i5,16.0,ddr4,512,0,windows,64,0,casual,14.0,1,no,no,40193.3,0
dell,inspiron,intel,core i3,8.0,ddr4,512,0,windows,64,0,thinnlight,15.6,1,no,no,30478.300000000003,4
lenovo,ideapad,intel,core i5,8.0,ddr4,512,0,windows,64,0,thinnlight,14.0,1,no,no,37513.3,0
asus,vivobook,intel,core i5,16.0,ddr4,512,0,windows,64,0,casual,14.0,1,no,no,40193.3,0
asus,vivobook,intel,core i3,8.0,ddr4,512,0,windows,64,0,thinnlight,14.1,1,no,yes,30143.300000000003,0
hp,pavilion,intel,core i5,8.0,ddr4,512,0,windows,64,0,thinnlight,15.6,1,no,yes,42873.3,0
asus,asus,amd,ryzen 7,16.0,ddr4,512,0,windows,64,4,gaming,17.3,0,no,no,55603.3,145
asus,rog,amd,ryzen 9,16.0,lpddr4x,1024,0,windows,64,4,casual,13.4,1,yes,yes,77043.3,6
asus,vivobook,intel,core i3,4.0,ddr4,0,1024,windows,64,0,casual,15.6,1,no,no,24113.300000000003,0
hp,envy,amd,ryzen 5,16.0,ddr4,512,0,windows,64,0,casual,13.3,1,yes,yes,65673.40000000001,0
dell,vostro,intel,core i5,16.0,ddr4,512,0,windows,64,2,casual,14.0,1,no,yes,46558.3,0
asus,vivobook,intel,core i3,8.0,ddr4,256,0,windows,64,0,casual,15.6,1,no,no,25788.300000000003,3
acer,predator,intel,core,8.0,ddr4,0,0,windows,32,0,casual,14.76240673886883,0,no,no,66993.3,186
asus,eeebook,intel,celeron dual,4.0,ddr4,0,0,windows,64,0,casual,14.76240673886883,0,no,no,15403.300000000001,0
apple,macbook,intel,core i5,16.0,lpddr4x,1024,0,mac,64,0,casual,13.0,1,no,no,120593.3,3
hp,chromebook,mediatek,mediatek kompanio,4.0,ddr4,0,0,windows,32,0,casual,14.76240673886883,0,no,no,15403.300000000001,553
dell,inspiron,intel,core i5,16.0,ddr4,512,0,windows,64,0,casual,14.0,1,yes,yes,59891.3,0
asus,zenbook,intel,core i5,8.0,lpddr4x,512,0,windows,64,0,thinnlight,13.3,0,no,no,50243.3,0
dell,vostro,intel,core i5,8.0,ddr4,256,1024,windows,64,0,thinnlight,14.0,1,no,yes,36843.3,28
acer,nitro,amd,5,8.0,ddr4,0,0,windows,32,6,casual,14.76240673886883,0,no,no,62779.00000000001,47
dell,3000,intel,core i3,8.0,ddr4,0,1024,windows,32,0,casual,15.6,0,no,no,29346.0,0
hp,pavilion,intel,core i7,16.0,ddr4,512,0,windows,64,4,casual,15.6,1,no,yes,62437.3,0
lenovo,core,intel,core i3,4.0,ddr4,256,0,windows,64,0,thinnlight,15.0,1,no,yes,26123.300000000003,13
apple,2021,apple,m1 pro,16.0,unified,1024,0,mac,64,0,casual,14.2,1,no,no,151413.30000000002,8
acer,aspire,amd,ryzen 3,4.0,ddr4,512,0,windows,64,0,casual,15.6,0,no,no,23443.300000000003,0
lenovo,thinkbook,intel,core i5,8.0,ddr4,512,0,windows,64,0,casual,14.0,3,yes,yes,43543.3,12
lenovo,legion,intel,core i5,8.0,ddr4,512,0,windows,64,4,casual,15.6,1,no,yes,44548.3,36
dell,inspiron,amd,ryzen 3,8.0,ddr4,256,0,windows,64,0,thinnlight,15.6,0,no,no,27195.300000000003,0
hp,pavilion,intel,core i5,8.0,ddr4,256,1024,windows,64,4,gaming,15.6,1,no,yes,48233.3,20
hp,hp,amd,ryzen 7,16.0,ddr4,1024,0,windows,64,0,thinnlight,13.3,1,yes,yes,62303.3,0
dell,vostro,intel,core i5,8.0,ddr4,0,1024,windows,64,0,thinnlight,14.0,1,no,yes,32823.3,46
dell,inspiron,intel,core i5,16.0,ddr4,512,0,windows,64,2,casual,15.6,1,no,yes,60100.340000000004,0
lenovo,thinkpad,intel,core i3,4.0,ddr4,256,0,windows,64,0,casual,15.6,1,no,yes,30143.300000000003,4
asus,zenbook,intel,core i7,16.0,lpddr4x,512,0,windows,64,0,casual,13.3,1,no,yes,63643.3,0
lenovo,thinkbook,intel,core i7,16.0,ddr4,512,0,windows,64,0,casual,14.0,3,yes,yes,56943.3,2
hp,pavilion,amd,ryzen 5,16.0,ddr4,512,0,windows,64,2,casual,14.0,1,no,yes,42873.3,13
lenovo,ideapad,intel,core i5,16.0,ddr4,512,0,windows,64,2,casual,15.6,1,no,yes,47563.3,4
lenovo,ideapad,intel,core i3,4.0,ddr4,256,0,windows,64,0,thinnlight,14.0,0,no,no,24448.300000000003,0
asus,pentium,intel,pentium quad,4.0,ddr4,0,1024,windows,64,0,casual,15.6,1,no,no,17413.3,658
hp,x360,intel,core i5,8.0,ddr4,256,0,windows,64,0,casual,14.0,1,no,no,43811.3,0
asus,pentium,intel,pentium quad,4.0,ddr4,0,1024,windows,64,0,casual,15.6,1,no,no,17413.3,350
infinix,inbook,intel,core i5,8.0,lpddr4x,512,0,windows,64,0,thinnlight,14.0,0,no,no,28468.300000000003,65
hp,envy,intel,core i7,16.0,ddr4,1024,0,windows,64,6,casual,15.6,1,no,yes,96942.3,4
lenovo,core,intel,core i3,8.0,ddr4,0,1024,windows,32,0,casual,15.6,0,no,no,26123.300000000003,0
dell,3511,intel,core i5,8.0,ddr4,256,1024,windows,64,2,casual,15.6,1,no,no,46833.0,0
lenovo,ideapad,intel,core i3,8.0,ddr4,512,0,windows,64,0,thinnlight,15.6,2,no,yes,28803.300000000003,99
lenovo,ideapad,intel,core i5,8.0,ddr4,256,1024,windows,64,2,casual,15.6,1,no,yes,44213.3,19
asus,vivobook,intel,core i3,4.0,ddr4,0,1024,windows,64,0,thinnlight,15.6,1,no,no,23443.300000000003,490
asus,ryzen,amd,ryzen 5,8.0,ddr4,512,0,windows,32,0,thinnlight,15.6,1,no,yes,33426.3,1
msi,ge76,intel,i7,8.0,ddr4,0,0,windows,32,6,casual,14.76240673886883,0,no,no,195097.30000000002,3
asus,vivobook,intel,core i5,16.0,ddr4,512,0,windows,64,0,casual,17.3,1,yes,yes,39523.3,0
lenovo,core,intel,core i3,8.0,ddr4,256,0,windows,32,0,casual,15.6,0,no,no,26109.9,0
lenovo,ideapad,intel,core i5,8.0,ddr4,512,0,windows,64,2,casual,15.6,1,no,yes,38525.0,0
asus,vivobook,intel,core i3,8.0,ddr4,0,1024,windows,64,0,casual,15.6,1,no,no,26063.0,0
dell,inspiron,amd,ryzen 5,8.0,ddr4,512,0,windows,64,0,thinnlight,15.6,1,no,yes,33493.3,7
asus,zenbook,intel,core i7,16.0,lpddr4x,1024,0,windows,64,0,thinnlight,13.3,0,no,no,66993.3,0
dell,inspiron,intel,core i5,8.0,ddr4,512,0,windows,64,2,casual,14.0,1,yes,yes,53593.3,2
dell,vostro,amd,ryzen 5,8.0,ddr4,512,0,windows,64,0,thinnlight,14.0,1,no,yes,39858.3,0
asus,asus,intel,pentium quad,4.0,ddr4,0,1024,windows,64,0,casual,15.6,0,no,no,20622.600000000002,0
hp,pavilion,amd,ryzen 7,16.0,ddr4,1024,0,windows,64,0,thinnlight,13.3,1,no,yes,56407.3,0
msi,modern,intel,core i5,8.0,ddr4,512,0,windows,64,0,casual,14.0,0,no,no,37882.47,87
asus,core,intel,core i5,16.0,ddr4,512,0,windows,64,0,thinnlight,17.3,0,no,no,40193.3,0
dell,inspiron,amd,ryzen 3,8.0,ddr4,0,1024,windows,64,0,thinnlight,15.6,0,no,no,25051.300000000003,5
apple,macbook,intel,core i5,16.0,lpddr4x,1024,0,mac,64,0,casual,13.0,1,no,no,120593.3,5
msi,core,intel,core i7,8.0,ddr4,512,0,windows,64,0,thinnlight,14.0,0,no,no,38853.3,0
lenovo,thinkbook,intel,core i5,16.0,ddr4,512,0,windows,64,0,casual,13.0,1,no,yes,43543.3,4
asus,zenbook,amd,ryzen 7,16.0,lpddr4x,1024,0,windows,64,0,casual,14.0,0,yes,no,75703.3,0
hp,envy,amd,ryzen 5,8.0,ddr4,512,0,windows,64,0,casual,13.3,1,yes,yes,49579.33,27
dell,core,intel,core i5,8.0,ddr4,512,0,windows,64,0,thinnlight,14.0,1,no,no,41064.3,1
asus,chromebook,intel,celeron dual,4.0,lpddr4,0,0,windows,32,0,casual,14.76240673886883,0,no,no,13728.300000000001,91
hp,envy,intel,core i7,16.0,ddr4,512,0,windows,64,0,casual,13.3,1,yes,yes,69003.3,2
lenovo,core,intel,core i5,8.0,ddr4,512,0,windows,64,0,thinnlight,14.0,1,no,yes,36843.3,1
dell,inspiron,intel,core i3,8.0,ddr4,0,1024,windows,64,0,thinnlight,15.6,1,no,no,26793.300000000003,1
lenovo,thinkbook,intel,core i5,8.0,ddr4,512,0,windows,64,0,casual,13.0,1,no,yes,40193.3,4
msi,delta,amd,ryzen 9,16.0,ddr4,1024,0,windows,64,0,casual,15.6,0,no,no,98483.3,0
asus,asus,intel,core i5,16.0,ddr4,512,0,windows,32,6,casual,15.6,1,no,no,56943.3,0
asus,vivobook,intel,core i5,8.0,ddr4,256,1024,windows,64,0,casual,14.0,1,no,no,33493.3,2
hp,15s,intel,core i3,8.0,ddr4,512,0,windows,64,0,thinnlight,15.6,1,no,yes,30478.300000000003,66
lenovo,ideapad,intel,celeron dual,4.0,ddr4,256,0,windows,64,0,thinnlight,14.0,0,no,no,21305.33,0
hp,pavilion,intel,core i5,16.0,ddr4,512,0,windows,64,0,thinnlight,14.0,1,no,yes,48575.0,3
lenovo,ideapad,intel,core i5,8.0,ddr4,512,0,windows,64,4,gaming,15.6,0,no,no,40193.3,6
lenovo,a6-9225,amd,a6-9225 processor,4.0,ddr4,0,1024,windows,64,0,thinnlight,15.6,0,no,no,16743.3,12
dell,inspiron,amd,ryzen 5,8.0,ddr4,512,0,windows,64,0,thinnlight,15.6,1,no,yes,40863.3,42
hp,core,intel,core i3,8.0,ddr4,256,0,windows,64,0,thinnlight,15.6,1,no,yes,30083.0,107
dell,core,intel,core i7,16.0,ddr4,512,0,windows,64,4,casual,15.6,1,no,no,66993.3,0
asus,vivobook,amd,ryzen 3,8.0,ddr4,256,0,windows,64,0,casual,14.1,1,no,no,25453.300000000003,3
asus,vivobook,intel,pentium quad,8.0,ddr4,256,0,windows,64,0,thinnlight,14.1,1,no,yes,22773.300000000003,0
dell,g5,amd,ryzen 5,8.0,ddr4,512,0,windows,64,6,casual,14.96,0,no,no,51047.3,64
lenovo,yoga,intel,core i5,16.0,ddr4,512,0,windows,64,0,casual,14.0,1,yes,yes,58953.3,6
dell,inspiron,intel,core i3,8.0,ddr4,0,1024,windows,32,0,casual,14.96,0,no,no,27396.300000000003,46
dell,vostro,intel,core i3,4.0,ddr4,256,1024,windows,64,0,thinnlight,14.0,1,no,yes,29205.300000000003,0
msi,pulse,intel,i7,8.0,ddr4,0,0,windows,32,4,casual,14.76240673886883,0,no,no,73425.3,2
asus,rog,amd,ryzen 7,16.0,ddr5,512,0,windows,64,4,casual,15.6,0,no,no,71683.3,0
hp,14s,intel,core i5,8.0,ddr4,512,0,windows,64,0,thinnlight,14.0,0,no,no,38853.3,123
asus,asus,intel,core i7,16.0,ddr4,512,0,windows,64,4,gaming,17.3,0,no,no,63643.3,15
dell,inspiron,intel,core i5,16.0,ddr4,512,0,windows,64,0,thinnlight,15.3,1,no,yes,46558.3,7
lenovo,thinkbook,intel,core i5,16.0,ddr4,512,0,windows,64,0,casual,14.0,3,yes,yes,46223.3,8
lenovo,core,intel,core i5,16.0,ddr4,512,0,windows,32,0,casual,15.6,1,no,yes,52253.3,2
msi,stealth,intel,core i7,16.0,ddr4,1024,0,windows,64,6,casual,15.6,2,no,no,80393.3,3
hp,core,intel,core i3,8.0,ddr4,512,0,windows,32,0,casual,14.1,0,no,no,25995.33,1
asus,zephyrus,intel,core i7,16.0,ddr4,1024,0,windows,32,4,casual,16.0,1,no,no,130643.3,0
hp,envy,intel,core i7,16.0,ddr4,512,0,windows,64,0,casual,13.3,1,yes,yes,69680.0,0
msi,core,intel,core i7,8.0,ddr4,512,0,windows,64,2,casual,14.0,0,no,no,51583.3,0
msi,modern,amd,ryzen 5,8.0,ddr4,256,0,windows,64,0,casual,14.0,1,no,no,33493.3,0
msi,core,intel,core i3,8.0,ddr4,256,0,windows,64,0,thinnlight,14.0,0,no,no,26123.300000000003,11
dell,vostro,intel,core i5,8.0,ddr4,256,1024,windows,64,0,thinnlight,14.0,1,no,yes,39523.3,1
lenovo,yoga,amd,ryzen 5,16.0,lpddr4x,512,0,windows,64,0,thinnlight,13.3,3,yes,yes,50114.66,0
asus,rog,amd,ryzen 7,16.0,ddr5,1024,0,windows,32,4,casual,15.6,1,no,no,77043.3,0
msi,creator,intel,core i9,16.0,ddr4,1024,0,windows,64,6,casual,16.0,0,no,no,129303.3,0
samsung,galaxy,qualcomm,snapdragon 7c,4.0,lpddr4x,0,0,windows,32,0,casual,14.76240673886883,0,no,no,26123.300000000003,0
asus,zenbook,intel,core i5,16.0,lpddr4x,512,0,windows,64,0,casual,14.0,1,yes,no,71013.3,11
msi,prestige,intel,core i5,16.0,lpddr4x,512,0,windows,64,0,casual,14.0,1,no,no,53593.3,0
lenovo,core,intel,core i3,8.0,ddr4,0,1024,windows,64,0,thinnlight,15.6,1,no,no,24783.300000000003,10
asus,vivobook,amd,ryzen 5,8.0,ddr4,512,0,windows,64,0,casual,14.0,1,no,no,39523.3,13
dell,vostro,intel,core i5,8.0,ddr4,512,0,windows,64,0,thinnlight,14.0,1,no,yes,37178.3,27
asus,vivobook,amd,ryzen 7,16.0,ddr4,512,0,windows,64,0,casual,14.0,1,no,no,62303.3,4
lenovo,ideapad,intel,core i5,16.0,ddr4,512,0,windows,64,0,thinnlight,14.0,1,no,yes,46893.3,2
hp,ryzen,amd,ryzen 5,8.0,ddr4,512,0,windows,32,4,casual,16.1,0,no,no,45627.0,0
asus,zenbook,intel,core i5,8.0,ddr4,512,0,windows,64,0,casual,13.3,1,yes,yes,56943.3,2
dell,inspiron,intel,core i5,8.0,ddr4,512,0,windows,64,0,thinnlight,15.6,0,no,no,40193.3,7
hp,15s,intel,core i3,8.0,ddr4,0,1024,windows,64,0,thinnlight,15.6,1,no,yes,26793.300000000003,45
dell,inspiron,amd,ryzen 5,8.0,ddr4,256,0,windows,64,0,thinnlight,15.6,1,no,no,29741.300000000003,24
asus,zenbook,intel,core i7,16.0,lpddr3,1024,0,windows,64,2,casual,14.0,1,no,yes,83743.3,1
lenovo,yoga,amd,ryzen 5,16.0,ddr4,512,0,windows,64,0,thinnlight,13.3,1,yes,yes,52253.3,0
dell,xps,intel,core i5,8.0,lpddr4x,512,0,windows,64,0,thinnlight,13.3,1,no,yes,74966.3,0
dell,inspiron,intel,core i7,16.0,ddr4,1024,0,windows,64,2,casual,15.6,0,no,no,82014.70000000001,0
dell,inspiron,intel,core i5,8.0,ddr4,512,0,windows,64,2,casual,15.6,1,no,no,44213.3,0
asus,zenbook,intel,core i5,8.0,lpddr4x,512,0,windows,32,0,casual,14.0,1,no,yes,48903.3,14
hp,pavilion,intel,core i3,8.0,ddr4,512,0,windows,64,0,casual,14.0,1,yes,yes,46408.89,0
dell,inspiron,intel,core i3,8.0,ddr4,256,1024,windows,64,0,casual,15.6,1,no,no,29942.300000000003,0
dell,inspiron,intel,core i5,16.0,ddr4,512,0,windows,64,0,thinnlight,14.0,1,no,yes,47630.3,6
hp,spectre,intel,core i7,16.0,ddr4,1024,0,windows,64,0,casual,13.3,1,yes,no,120593.3,5
lenovo,ideapad,intel,ryzen 7,16.0,ddr4,512,0,windows,32,4,casual,16.0,3,no,yes,54598.3,0
msi,katana,intel,core i5,8.0,ddr4,512,0,windows,64,4,casual,15.6,2,no,no,50243.3,0
hp,15s,amd,ryzen 3,8.0,ddr4,512,0,windows,64,0,thinnlight,15.6,1,no,yes,29808.300000000003,42
dell,vostro,intel,core i3,8.0,ddr4,256,0,windows,64,0,thinnlight,14.0,0,no,no,29766.09,0
acer,swift,amd,ryzen 7,16.0,ddr4,1024,0,windows,64,4,casual,14.0,1,no,no,66993.3,0
msi,summit,intel,core i7,16.0,ddr4,1024,0,windows,64,4,casual,15.6,2,yes,no,103843.3,2
dell,ryzen,amd,ryzen 5,8.0,ddr4,1024,0,windows,32,0,casual,15.6,0,no,no,38793.0,1
asus,zenbook,intel,core i5,8.0,lpddr3,512,0,windows,64,0,casual,13.3,1,no,yes,53593.3,3
asus,tuf,amd,ryzen 7,8.0,ddr4,1024,0,windows,32,4,gaming,15.6,0,no,no,64313.3,3
lenovo,ideapad,intel,core i5,8.0,ddr4,256,1024,windows,64,4,gaming,15.6,0,no,no,49975.3,128
msi,modern,intel,core i5,8.0,ddr4,512,0,windows,64,0,casual,14.0,1,no,no,37178.3,16
asus,vivobook,intel,core i3,8.0,ddr4,256,0,windows,64,0,casual,14.0,1,no,no,24113.300000000003,0
acer,aspire,intel,core i5,8.0,ddr4,0,1024,windows,64,2,casual,15.6,1,no,yes,40199.33,28
lenovo,yoga,intel,core i7,16.0,lpddr4x,1024,0,windows,64,0,casual,13.3,1,no,yes,82403.3,2
dell,vostro,intel,core i5,8.0,ddr4,512,0,windows,64,2,thinnlight,14.0,1,no,yes,44548.3,17
asus,vivobook,intel,core i5,8.0,ddr4,512,0,windows,64,0,casual,15.6,1,no,yes,35778.0,6
hp,pavilion,amd,ryzen 5,8.0,ddr4,512,0,windows,64,0,thinnlight,14.0,1,no,yes,36910.3,52
acer,predator,intel,core i7,16.0,ddr4,2048,0,windows,64,8,casual,15.6,1,no,no,107193.3,0
asus,zenbook,amd,ryzen 5,16.0,lpddr4x,512,0,windows,64,0,casual,14.0,0,yes,no,61633.3,0
hp,pavilion,intel,core i7,16.0,ddr4,512,0,windows,64,4,gaming,15.6,1,no,yes,60427.3,1
asus,vivobook,intel,core i3,8.0,ddr4,512,0,windows,64,0,casual,15.6,1,no,yes,34604.83,0
asus,vivobook,amd,ryzen 7,16.0,ddr4,512,0,windows,64,0,casual,15.6,1,no,yes,38183.3,0
msi,gs66,intel,i7,8.0,ddr4,0,0,windows,32,8,casual,14.76240673886883,0,no,no,138884.30000000002,0
dell,inspiron,intel,core i5,8.0,ddr4,512,0,windows,64,0,casual,14.0,1,yes,yes,49915.0,5
dell,xps,intel,core i5,16.0,lpddr4x,512,0,windows,64,0,thinnlight,13.3,1,no,yes,77043.3,0
hp,core,intel,core i3,8.0,ddr4,0,1024,windows,64,0,thinnlight,15.6,1,no,yes,28133.300000000003,5
dell,vostro,intel,core i5,8.0,ddr4,512,0,windows,64,2,thinnlight,14.0,0,no,no,41533.3,4
asus,rog,intel,core i5,8.0,ddr4,1024,0,windows,64,4,casual,15.6,0,no,no,55603.3,118
acer,aspire,amd,dual core,4.0,ddr4,256,0,windows,64,0,casual,14.0,1,no,no,20093.300000000003,0
apple,macbook,intel,core i5,16.0,lpddr4x,512,0,mac,64,0,casual,13.0,1,no,no,107193.3,5
asus,vivobook,intel,core i5,8.0,ddr4,0,1024,windows,64,0,thinnlight,15.6,1,no,no,31483.300000000003,179
apple,macbook,intel,core i5,8.0,ddr3,512,0,mac,64,0,casual,13.3,1,no,no,115300.3,13
hp,pavilion,amd,ryzen 5,16.0,ddr4,512,0,windows,64,0,casual,13.3,1,no,yes,56419.36,0
lenovo,core,intel,core i7,16.0,ddr4,512,0,windows,32,0,casual,14.0,0,yes,no,59286.96000000001,0
msi,modern,amd,ryzen 7,8.0,ddr4,512,0,windows,64,0,casual,15.6,0,no,no,43543.3,0
msi,prestige,intel,core i7,16.0,ddr4,512,0,windows,64,4,casual,15.6,1,no,no,73693.3,30
msi,sword,intel,core i5,8.0,ddr4,512,0,windows,64,4,casual,15.6,0,no,no,50243.3,0
lenovo,ideapad,amd,ryzen 7,8.0,ddr4,512,0,windows,64,0,casual,14.0,1,no,yes,40863.3,69
asus,core,intel,core i7,32.0,ddr4,1024,0,windows,64,6,casual,15.6,1,yes,no,150743.30000000002,0
dell,xps,intel,i5,8.0,ddr4,0,0,windows,32,0,thinnlight,14.76240673886883,1,no,no,93793.3,0
hp,omen,amd,ryzen 7,16.0,ddr4,1024,0,windows,64,8,casual,15.6,1,no,no,107193.3,2
msi,modern,intel,core i5,8.0,ddr4,512,0,windows,64,0,casual,14.0,1,no,no,37848.3,112
asus,core,intel,core i5,8.0,ddr4,256,1024,windows,32,2,casual,15.6,0,no,no,39523.3,1
dell,inspiron,amd,ryzen 3,8.0,ddr4,0,1024,windows,64,0,thinnlight,15.6,1,no,yes,35263.44,0
asus,vivobook,amd,ryzen 9,16.0,ddr4,1024,0,windows,64,0,casual,14.0,1,no,no,70343.3,2
asus,rog,amd,ryzen 7,8.0,ddr4,1024,0,windows,64,0,casual,14.0,1,no,yes,51583.3,0
asus,eeebook,intel,pentium silver,8.0,ddr4,256,0,windows,64,0,thinnlight,14.0,0,no,no,21433.300000000003,0
msi,sword,intel,core i7,8.0,ddr4,512,0,windows,64,4,casual,15.6,0,no,no,58283.3,0
lenovo,thinkpad,intel,core i5,16.0,ddr4,512,0,windows,64,0,thinnlight,13.3,3,no,no,98490.0,0
asus,tuf,intel,core i5,16.0,ddr4,1024,0,windows,64,4,casual,15.6,1,no,no,58953.3,0
hp,core,intel,core i3,8.0,ddr4,512,0,windows,64,0,thinnlight,15.6,1,no,yes,32153.300000000003,215
acer,swift,intel,core i5,8.0,ddr3,256,0,windows,64,0,thinnlight,13.3,1,no,yes,58200.89000000001,3
dell,inspiron,amd,ryzen 3,8.0,ddr4,0,1024,windows,64,0,casual,15.6,1,no,yes,26793.300000000003,39
lenovo,ideapad,intel,core i3,4.0,ddr4,256,0,windows,64,0,casual,15.6,1,no,yes,26934.0,1
lenovo,ideapad,intel,core i5,8.0,ddr4,512,0,windows,64,0,thinnlight,14.0,1,no,yes,37513.3,9
hp,pavilion,intel,core i5,8.0,ddr4,512,0,windows,64,4,gaming,15.6,1,no,yes,52253.3,0
msi,prestige,intel,core i7,16.0,lpddr4x,512,0,windows,64,0,casual,14.0,1,no,no,60293.3,0
msi,stealth,intel,core i7,32.0,ddr5,1024,0,windows,64,8,casual,15.6,0,no,no,187593.30000000002,0
hp,envy,intel,core i5,16.0,ddr4,512,0,windows,64,4,casual,15.6,1,no,yes,71348.3,0
lenovo,ideapad,intel,core i5,16.0,ddr4,512,0,windows,32,2,casual,14.0,1,no,yes,47563.3,3
asus,rog,intel,core i9,32.0,ddr5,1024,0,windows,64,6,casual,15.6,0,no,no,200993.30000000002,0
asus,rog,amd,ryzen 9,16.0,lpddr4x,1024,0,windows,64,4,casual,13.4,1,yes,no,77043.3,1
hp,15,intel,core i7,8.0,ddr4,128,1024,windows,64,4,casual,15.6,1,no,no,78350.47,0
microsoft,surface,intel,core i5,8.0,lpddr4x,128,0,windows,64,0,casual,13.0,0,yes,no,67127.3,8
asus,vivobook,intel,celeron dual,4.0,ddr4,0,0,windows,64,0,casual,14.76240673886883,0,no,no,18083.3,0
lenovo,thinkpad,intel,core i5,16.0,ddr4,512,512,windows,64,0,thinnlight,14.0,3,yes,no,104125.37000000001,0
hp,spectre,intel,core i7,16.0,lpddr3,512,0,windows,64,0,casual,13.3,1,yes,yes,160638.53,0
lenovo,thinkpad,intel,core i5,8.0,ddr4,512,0,windows,64,0,casual,15.6,1,no,yes,43543.3,11
acer,nitro,amd,5,8.0,ddr4,0,0,windows,32,4,casual,14.76240673886883,0,no,no,48903.3,67
lenovo,core,intel,core i3,8.0,ddr4,256,0,windows,32,0,casual,14.0,0,no,no,27463.300000000003,0
dell,inspiron,intel,core i3,8.0,ddr4,256,0,windows,64,0,thinnlight,14.96,1,no,no,28468.300000000003,0
hp,pavilion,amd,ryzen 5,8.0,ddr4,256,1024,windows,64,4,gaming,15.6,1,no,no,53600.0,6
asus,vivobook,intel,celeron dual,4.0,ddr4,256,0,windows,64,0,casual,15.6,0,no,no,20026.300000000003,0
acer,aspire,amd,ryzen 5,8.0,ddr4,512,0,windows,64,0,casual,15.6,1,no,no,30143.300000000003,39
acer,aspire,intel,core i5,8.0,ddr4,512,0,windows,64,0,casual,15.6,1,no,no,38853.3,0
hp,15s,amd,ryzen 5,8.0,ddr4,512,0,windows,64,0,thinnlight,15.6,1,no,yes,35838.3,118
lg,gram,intel,core i5,8.0,ddr4,256,0,windows,64,0,casual,15.6,0,no,no,51583.3,7
dell,core,intel,core i3,8.0,ddr4,0,1024,windows,32,0,casual,15.6,0,no,no,29459.9,0
hp,omen,intel,core i7,16.0,ddr4,1024,0,windows,64,4,casual,16.1,0,no,no,81733.3,0
acer,extensa,intel,pentium quad,4.0,ddr4,256,0,windows,64,0,casual,15.6,1,no,no,20763.300000000003,89
hp,omen,intel,core i7,16.0,ddr4,1024,0,windows,64,4,casual,16.1,0,no,no,78383.3,0
apple,macbook,apple,m1 processor,16.0,ddr4,512,0,mac,64,0,casual,13.3,1,no,no,83743.3,4
asus,expertbook,intel,core i3,8.0,ddr4,256,1024,windows,64,0,casual,15.6,0,no,no,27463.300000000003,0
lenovo,legion,intel,core i7,16.0,ddr4,1024,0,windows,64,6,casual,16.0,0,no,no,101235.66,0
asus,vivobook,intel,core i7,8.0,ddr4,512,0,windows,64,2,casual,15.6,1,no,yes,52923.3,4
dell,g15,nvidia,geforce rtx,8.0,ddr4,0,0,windows,32,4,casual,14.76240673886883,0,no,no,64313.3,5
dell,xps,intel,core i7,16.0,ddr3,512,0,windows,64,0,thinnlight,13.3,1,no,yes,81666.3,0
realme,book,intel,core i3,8.0,ddr4,256,0,windows,64,0,thinnlight,14.0,1,no,yes,32159.33,1014
asus,expertbook,intel,core i3,4.0,ddr4,256,0,windows,64,0,casual,15.6,0,no,no,24113.300000000003,0
asus,tuf,intel,core i5,8.0,ddr4,512,0,windows,64,4,gaming,15.6,1,no,no,43543.3,0
asus,zenbook,intel,core i7,8.0,lpddr3,512,0,windows,64,0,thinnlight,14.0,1,no,no,57613.3,0
dell,vostro,intel,core i3,4.0,ddr4,256,1024,windows,64,0,thinnlight,14.0,1,no,yes,29473.300000000003,0
msi,modern,intel,core i5,8.0,ddr4,512,0,windows,64,0,casual,14.0,1,no,no,36843.3,147
hp,omen,intel,i5,8.0,ddr4,0,0,windows,32,4,casual,14.76240673886883,0,no,no,68709.17,0
dell,core,intel,core i3,8.0,ddr4,256,0,windows,64,0,casual,14.0,0,yes,no,48239.33,13
asus,rog,amd,ryzen 9,16.0,lpddr4x,1024,0,windows,64,4,casual,13.4,1,yes,yes,83743.3,0
lenovo,ryzen,amd,ryzen 7,16.0,ddr4,512,0,windows,64,4,casual,15.6,1,no,yes,56941.96000000001,0
lenovo,legion,amd,ryzen 5,8.0,ddr4,512,0,windows,64,4,casual,15.6,0,no,no,51253.66,0
msi,katana,intel,core i7,16.0,ddr4,512,0,windows,64,4,casual,15.6,2,no,no,63643.3,0
hp,pavilion,amd,ryzen 7,16.0,ddr4,512,0,windows,64,4,casual,15.6,1,no,no,60963.3,40
vaio,se,intel,core i5,8.0,ddr4,512,0,windows,64,0,thinnlight,14.0,2,no,yes,42136.3,14
microsoft,surface,amd,ryzen 5,8.0,ddr4,128,0,windows,64,0,casual,15.0,0,yes,no,66993.3,0
asus,vivobook,amd,ryzen 3,4.0,ddr4,256,0,windows,64,0,thinnlight,15.6,1,no,yes,23115.0,375
dell,ryzen,amd,ryzen 5,8.0,ddr4,512,0,windows,64,4,casual,14.96,1,no,no,66276.40000000001,0
lenovo,legion,amd,ryzen 7,16.0,ddr4,1024,0,windows,64,6,casual,15.6,1,no,yes,87763.3,0
lg,gram,intel,core i5,8.0,ddr4,256,0,windows,64,0,thinnlight,14.0,0,no,no,51583.3,0
asus,vivobook,amd,ryzen 7,16.0,ddr4,1024,0,windows,64,0,casual,15.6,1,no,no,66993.3,0
hp,spectre,intel,core i5,16.0,lpddr4x,512,0,windows,64,0,casual,13.5,0,yes,no,75039.33,0
msi,gp76,intel,i7,8.0,ddr4,0,0,windows,32,8,casual,14.76240673886883,0,no,no,120593.3,5
asus,vivobook,intel,core i3,8.0,ddr4,256,0,windows,64,0,casual,15.6,1,no,no,26793.300000000003,19
msi,pulse,intel,core i7,16.0,ddr4,1024,0,windows,64,8,casual,15.6,2,no,no,87093.3,3
asus,zenbook,amd,ryzen 9,16.0,lpddr4x,1024,0,windows,64,0,casual,14.0,0,yes,no,90443.3,0
lenovo,yoga,intel,core i5,8.0,lpddr4x,512,0,windows,64,2,casual,14.0,1,no,yes,47434.66,3
dell,vostro,amd,ryzen 3,8.0,ddr4,512,0,windows,64,0,thinnlight,14.0,0,no,no,27195.300000000003,0
lenovo,legion,intel,core i5,8.0,ddr4,512,0,windows,64,4,casual,15.6,0,no,no,40193.3,1
msi,modern,amd,ryzen 5,8.0,ddr4,512,0,windows,64,0,casual,15.6,0,no,no,36843.3,203
asus,vivobook,intel,core i3,4.0,ddr4,512,0,windows,64,0,casual,14.0,1,no,no,27463.300000000003,519
asus,core,intel,core i9,32.0,ddr4,1024,0,windows,64,6,casual,15.6,1,yes,no,180893.30000000002,1
acer,conceptd,intel,core i5,8.0,ddr4,512,0,windows,64,4,casual,15.6,1,no,no,66665.0,0
asus,vivobook,intel,core i5,8.0,ddr4,256,0,windows,64,0,thinnlight,14.0,1,no,no,32823.3,0
hp,spectre,intel,core i7,16.0,lpddr4x,1024,0,windows,64,0,casual,13.5,1,yes,no,100499.33,0
hp,14s,intel,core i5,8.0,ddr4,512,0,windows,64,0,thinnlight,14.0,1,no,yes,37513.3,4
asus,rog,amd,ryzen 7,16.0,ddr5,1024,0,windows,64,4,casual,15.6,0,no,no,75703.3,0
vaio,e,amd,ryzen 7,8.0,ddr4,512,0,windows,64,0,thinnlight,15.6,2,no,yes,38183.3,26
asus,vivobook,intel,core i5,8.0,ddr4,256,1024,windows,64,0,casual,15.6,1,no,no,43543.3,0
lenovo,ideapad,intel,core i3,8.0,ddr4,256,0,windows,64,0,casual,15.6,1,no,yes,28138.660000000003,39
lenovo,ideapad,amd,ryzen 7,16.0,ddr4,1024,0,windows,64,0,casual,14.0,1,no,yes,52251.96000000001,0
msi,core,intel,core i7,16.0,ddr4,1024,0,windows,64,6,casual,15.6,0,no,no,93793.3,2
asus,zenbook,intel,core i5,8.0,lpddr3,512,0,windows,64,0,thinnlight,13.3,1,no,no,48903.3,4
hp,omen,amd,ryzen 9,16.0,ddr4,1024,0,windows,64,8,casual,16.1,1,no,yes,95133.3,0
asus,asus,intel,pentium quad,4.0,lpddr4x,0,0,windows,64,0,casual,14.76240673886883,0,no,no,30813.300000000003,0
hp,notebook,intel,core i3,8.0,ddr4,0,1024,windows,64,0,thinnlight,14.0,1,no,no,26659.300000000003,3
asus,rog,amd,ryzen 7,8.0,ddr4,1024,0,windows,64,0,casual,14.0,1,no,yes,50920.0,1
acer,predator,intel,core i7,16.0,ddr4,1024,0,windows,64,6,casual,15.6,1,no,no,87093.3,7
acer,swift,intel,core i5,8.0,ddr3,512,0,windows,64,0,thinnlight,14.0,1,no,no,43543.3,1
asus,core,intel,core i5,8.0,ddr4,512,0,windows,64,0,thinnlight,15.6,0,no,no,38853.3,0
hp,omen,intel,core i7,16.0,ddr4,1024,0,windows,64,8,casual,16.1,1,no,yes,115233.3,0
asus,core,intel,core i3,8.0,ddr4,512,0,windows,64,0,thinnlight,15.6,1,no,yes,28803.300000000003,234
smartron,t.book,intel,core i5,4.0,ddr3,128,0,windows,64,0,casual,12.2,0,yes,no,35503.3,9
asus,vivobook,amd,ryzen 7,8.0,ddr4,512,0,windows,64,0,casual,14.0,1,no,no,42873.3,7
acer,aspire,amd,ryzen 5,8.0,ddr4,512,0,windows,64,0,casual,15.6,1,no,no,33493.3,6
lenovo,ideapad,amd,ryzen 7,8.0,ddr4,512,0,windows,64,0,casual,14.0,1,no,yes,42873.3,10
hp,ryzen,amd,ryzen 7,8.0,ddr4,512,0,windows,64,0,thinnlight,14.0,1,no,yes,38859.33,5
msi,gp65,intel,i7,8.0,ddr4,0,0,windows,32,6,casual,14.76240673886883,0,no,no,97813.3,106
hp,hp,intel,core i5,16.0,ddr4,512,0,windows,64,2,casual,13.3,1,yes,yes,51583.3,2
dell,ryzen,amd,ryzen 5,8.0,ddr4,256,1024,windows,32,0,casual,15.6,0,no,no,34833.3,0
asus,rog,amd,ryzen 9,16.0,ddr4,1024,0,windows,64,0,casual,15.6,1,no,no,87093.3,0
dell,inspiron,intel,core i5,8.0,ddr4,256,1024,windows,64,2,casual,15.6,0,no,no,44548.3,1
dell,inspiron,intel,pentium quad,4.0,ddr4,256,0,windows,64,0,thinnlight,15.6,1,no,no,24120.0,16
asus,rog,amd,ryzen 7,16.0,lpddr4x,1024,0,windows,64,4,casual,13.4,1,yes,no,66993.3,15
lenovo,ideapad,intel,core i5,8.0,ddr4,512,0,windows,64,0,casual,15.6,2,no,yes,42208.66,71
asus,core,intel,core i3,8.0,ddr4,256,0,windows,32,0,casual,15.6,0,no,no,28133.300000000003,0
dell,inspiron,intel,core i5,16.0,ddr4,512,0,windows,64,0,casual,14.0,1,yes,yes,52253.3,5
asus,rog,intel,i7,8.0,ddr4,0,0,windows,32,4,casual,14.76240673886883,0,no,no,71131.89,241
microsoft,surface,intel,core i5,8.0,ddr3,128,0,windows,64,0,casual,13.5,0,yes,no,61639.33,8
asus,ryzen,amd,ryzen 7,8.0,ddr4,512,0,windows,32,4,casual,14.0,0,no,no,48508.0,0
lenovo,ideapad,intel,core i3,4.0,ddr4,256,0,windows,64,0,casual,15.6,2,no,yes,26799.33,0
hp,spectre,intel,core i5,8.0,ddr4,512,0,windows,64,0,casual,13.3,1,yes,yes,77043.3,19
hp,ryzen,amd,ryzen 5,8.0,ddr4,512,0,windows,32,0,casual,15.6,0,no,no,35094.6,0
asus,rog,amd,ryzen 9,32.0,lpddr4x,1024,0,windows,64,4,casual,13.4,1,yes,yes,95803.3,1
asus,zephyrus,amd,ryzen 9,16.0,ddr4,1024,0,windows,64,0,casual,14.0,1,no,no,81733.3,0
dell,dell,intel,core i5,8.0,ddr4,512,0,windows,64,2,casual,15.6,1,no,yes,44213.3,0
dell,inspiron,intel,core i5,16.0,ddr4,512,0,windows,64,2,casual,14.0,1,no,yes,59623.3,2
dell,inspiron,intel,core i7,16.0,ddr4,1024,0,windows,64,2,casual,15.6,1,no,yes,62949.850000000006,0
lenovo,yoga,amd,ryzen 7,16.0,ddr4,512,0,windows,64,0,casual,13.3,1,yes,no,52923.3,0
lg,gram,intel,core i5,8.0,ddr4,256,0,windows,64,0,casual,14.0,0,no,no,42203.3,20
asus,rog,intel,core i7,32.0,ddr4,1024,0,windows,64,8,casual,15.6,0,no,no,157443.30000000002,0
dell,vostro,intel,core i3,4.0,ddr4,256,1024,windows,64,0,thinnlight,14.0,1,no,yes,29205.300000000003,0
asus,commercial,intel,core i3,4.0,ddr4,256,0,windows,32,0,casual,14.0,0,no,no,26793.300000000003,0
hp,spectre,intel,core i7,16.0,lpddr4x,1024,0,windows,64,0,casual,13.3,1,yes,yes,86095.0,1
lenovo,x390,intel,core i5,8.0,ddr4,512,0,windows,64,0,casual,13.3,0,no,no,76105.3,0
dell,vostro,intel,core i3,4.0,ddr4,256,1024,windows,64,0,thinnlight,14.0,1,no,yes,27731.300000000003,7
asus,core,intel,core i3,8.0,ddr4,0,1024,windows,32,0,thinnlight,14.0,0,no,no,23845.300000000003,1
mi,notebook,intel,core i5,8.0,ddr4,512,0,windows,64,2,casual,14.0,1,no,no,36843.3,74
asus,core,intel,core i7,8.0,ddr4,256,1024,windows,32,0,thinnlight,15.6,0,no,no,55275.0,0
dell,inspiron,intel,core i5,8.0,ddr4,256,0,windows,64,0,thinnlight,15.6,0,no,no,37513.3,0
asus,vivobook,intel,core i5,8.0,lpddr4x,512,0,windows,64,0,casual,14.0,1,yes,yes,49573.3,6
asus,vivobook,intel,core i3,8.0,ddr4,512,0,windows,64,0,casual,15.6,1,no,no,30076.300000000003,0
lenovo,yoga,amd,ryzen 5,16.0,lpddr4x,1024,0,windows,64,0,thinnlight,13.3,3,yes,yes,54925.26,0
asus,zephyrus,amd,ryzen 7,8.0,ddr4,1024,0,windows,64,0,casual,14.0,1,no,no,74370.0,0
lenovo,yoga,intel,core i7,16.0,ddr4,1024,0,windows,64,0,casual,14.0,1,yes,yes,69003.3,2
lenovo,ideapad,intel,core i3,8.0,ddr4,256,0,windows,64,0,casual,15.6,0,no,no,26798.66,1
hp,pavilion,intel,core i7,16.0,ddr4,512,0,windows,64,4,gaming,15.6,1,no,yes,61640.00000000001,1
hp,pavilion,amd,ryzen 5,8.0,ddr4,0,1024,windows,64,4,gaming,15.6,1,no,no,40193.3,151
lg,gram,intel,core i5,8.0,ddr4,512,0,windows,64,0,thinnlight,16.0,0,no,no,58283.3,0
hp,14s,intel,core i3,8.0,ddr4,256,0,windows,64,0,thinnlight,14.0,1,no,yes,28468.300000000003,561
msi,gf63,intel,core i5,8.0,ddr4,0,1024,windows,64,4,casual,15.6,2,no,no,35503.3,137
hp,core,intel,core i5,8.0,ddr4,512,0,windows,64,0,thinnlight,15.6,1,no,yes,40870.0,100
acer,aspire,amd,ryzen 7,8.0,ddr4,512,0,windows,64,0,thinnlight,15.6,1,no,no,40193.3,0
asus,zenbook,intel,core i5,8.0,lpddr4x,512,0,windows,64,0,casual,14.0,1,yes,no,66993.3,6
asus,rog,amd,ryzen 9,32.0,lpddr4x,1024,0,windows,64,4,casual,13.4,1,yes,yes,83743.3,12
acer,predator,intel,core i7,16.0,ddr4,256,1024,windows,64,6,casual,15.6,1,no,no,80393.3,313
asus,rog,amd,ryzen 7,16.0,ddr5,512,0,windows,32,4,casual,15.6,1,no,no,75033.3,0
lenovo,thinkpad,intel,core i5,8.0,ddr4,512,0,windows,64,0,thinnlight,15.6,1,no,yes,45553.3,0
acer,aspire,amd,ryzen 5,8.0,ddr4,512,0,windows,64,0,thinnlight,15.6,1,no,no,33493.3,1
hp,ryzen,amd,ryzen 7,16.0,ddr4,512,0,windows,32,0,casual,13.3,0,yes,no,73030.0,0
dell,g3,intel,core i5,8.0,ddr4,256,1024,windows,64,4,casual,15.6,0,no,no,52193.0,34
dell,inspiron,intel,core i5,8.0,ddr4,512,0,windows,64,0,casual,14.0,1,yes,yes,47435.33,6
hp,14s,amd,ryzen 5,8.0,ddr4,512,0,windows,64,0,thinnlight,14.0,1,no,yes,35175.0,67
lenovo,yoga,intel,i7,8.0,ddr4,0,0,windows,32,0,casual,14.76240673886883,0,no,no,115238.66,0
lenovo,core,intel,core i5,4.0,ddr4,0,1024,windows,32,2,casual,14.0,0,no,no,38859.33,0
lenovo,b50-70,intel,core i5,8.0,ddr3,0,1024,windows,64,0,casual,15.6,0,no,no,35168.3,17
asus,zenbook,intel,core i7,16.0,lpddr4x,1024,0,windows,64,0,casual,14.0,1,yes,no,80393.3,1
lenovo,ideapad,intel,core i5,4.0,ddr4,0,1024,windows,64,4,casual,15.6,1,no,no,38183.3,5
lenovo,thinkpad,intel,core i5,8.0,ddr4,512,0,windows,64,0,thinnlight,15.6,1,no,yes,44213.3,2
acer,swift,intel,core i5,8.0,ddr3,256,0,windows,64,0,thinnlight,14.0,1,yes,yes,54938.66,3
asus,rog,amd,ryzen 9,16.0,ddr4,1024,0,windows,64,6,casual,15.6,0,no,no,95133.3,13
asus,vivobook,intel,core i5,8.0,ddr4,512,0,windows,64,0,thinnlight,14.0,1,no,no,35972.3,3
dell,core,intel,i5,8.0,ddr4,0,0,windows,32,4,casual,14.76240673886883,1,no,no,45620.3,4
msi,wf65,intel,core i7,16.0,ddr4,256,1024,windows,64,4,casual,15.6,3,no,no,107193.3,0
asus,pentium,intel,pentium quad,4.0,ddr4,128,0,windows,32,0,casual,13.3,0,yes,no,38927.0,0
vaio,e,amd,ryzen 5,8.0,ddr4,512,0,windows,64,0,thinnlight,15.6,2,no,yes,33225.3,144
asus,vivobook,amd,ryzen 9,16.0,ddr4,1024,0,windows,64,4,casual,16.0,1,no,no,109203.3,0
msi,modern,intel,core i5,8.0,ddr4,512,0,windows,64,0,thinnlight,14.0,1,no,no,37513.3,0
asus,zephyrus,intel,core i9,32.0,ddr4,3072,0,windows,32,6,casual,17.3,1,no,no,296133.30000000005,1
asus,vivobook,intel,core i5,8.0,ddr4,512,0,windows,64,0,casual,15.6,1,no,yes,35637.3,0
lenovo,ideapad,intel,core i5,8.0,ddr4,512,0,windows,32,2,casual,15.6,2,no,yes,39529.33,3
asus,f17,intel,core i5,8.0,ddr4,1024,0,windows,64,4,casual,17.3,0,no,no,56615.0,0
lenovo,core,intel,core i3,8.0,ddr4,256,0,windows,32,0,casual,15.6,0,no,no,28133.300000000003,0
asus,core,intel,core i7,16.0,ddr4,1024,0,windows,32,6,casual,15.6,0,no,no,81056.6,0
dell,inspiron,intel,core i5,8.0,ddr4,512,0,windows,64,2,thinnlight,15.6,3,no,no,48233.3,0
hp,14s,intel,core i3,4.0,ddr4,0,1024,windows,64,0,thinnlight,14.0,1,no,yes,24448.300000000003,175
hp,core,intel,core i5,8.0,ddr4,512,0,windows,32,4,casual,16.1,0,no,no,54940.0,0
asus,core,intel,core i3,8.0,ddr4,256,0,windows,32,0,casual,15.6,0,no,no,32488.300000000003,0
asus,vivobook,intel,core i3,8.0,ddr4,0,1024,windows,64,0,thinnlight,15.6,1,no,yes,26123.300000000003,216
asus,zephyrus,intel,core i7,16.0,ddr4,1024,0,windows,32,6,casual,16.0,1,no,no,105356.83,0
asus,ryzen,amd,ryzen 5,8.0,ddr4,512,0,windows,64,0,thinnlight,15.6,1,no,yes,33493.3,2
asus,zenbook,intel,core i5,16.0,lpddr4x,512,0,windows,64,0,thinnlight,13.3,0,no,no,56943.3,0
dell,inspiron,intel,core i5,8.0,ddr4,256,1024,windows,64,2,casual,15.6,0,no,no,45218.3,5
acer,aspire,amd,ryzen 5,8.0,ddr4,512,0,windows,64,0,thinnlight,15.6,1,no,no,50919.33,0
asus,vivobook,amd,ryzen 9,16.0,ddr4,1024,0,windows,64,0,casual,16.0,1,no,no,87435.0,0
lenovo,core,intel,core i7,16.0,ddr4,1024,0,windows,64,4,thinnlight,15.6,0,no,no,154033.0,0
hp,core,intel,core i3,8.0,ddr4,256,0,windows,64,0,thinnlight,14.0,1,no,yes,29731.920000000002,96
hp,spectre,intel,core i7,16.0,ddr4,512,0,windows,64,0,casual,13.3,1,yes,no,109203.3,1
acer,dual,amd,dual core,4.0,ddr4,256,0,windows,64,0,casual,15.6,1,no,no,21433.300000000003,104
acer,spin,intel,i7,8.0,ddr4,0,0,windows,32,0,casual,14.76240673886883,1,no,no,80393.3,1
asus,vivobook,intel,pentium quad,8.0,ddr4,256,0,windows,64,0,thinnlight,14.0,1,no,yes,22103.300000000003,1
lenovo,thinpad,intel,core i5,8.0,ddr4,512,0,windows,64,2,casual,15.6,0,no,no,60298.66,0
dell,xps,intel,core i7,16.0,lpddr4x,512,0,windows,64,0,thinnlight,13.3,1,no,yes,90651.0,2
msi,modern,intel,core i7,8.0,ddr4,512,0,windows,64,0,casual,14.0,0,no,no,43543.3,5
acer,aspire,intel,core i5,8.0,ddr4,0,1024,windows,64,2,thinnlight,15.6,1,no,no,41533.3,21
asus,vivobook,amd,ryzen 9,8.0,ddr4,1024,0,windows,64,4,casual,14.0,0,no,no,78383.3,0
asus,zenbook,intel,core i5,8.0,lpddr4x,512,0,windows,64,0,casual,14.0,1,yes,no,66993.3,0
asus,vivobook,intel,core i3,4.0,ddr4,512,0,windows,64,0,casual,14.0,1,no,no,27798.300000000003,519
asus,asus,intel,core i7,16.0,ddr4,1024,0,windows,64,6,casual,15.6,1,no,no,88105.0,0
asus,zenbook,intel,core i5,8.0,lpddr4x,512,0,windows,64,0,thinnlight,13.3,0,no,no,56943.3,0
lenovo,ideapad,intel,core i5,8.0,ddr4,512,0,windows,64,4,gaming,15.6,0,no,no,46832.33,37
dell,vostro,intel,core i5,8.0,ddr4,256,1024,windows,64,0,thinnlight,14.0,1,no,yes,41533.3,0
dell,inpiron,intel,core i5,8.0,ddr4,512,0,windows,64,4,casual,15.6,1,no,no,53593.3,0
asus,ryzen,amd,ryzen 9,16.0,ddr4,1024,0,windows,32,6,casual,14.0,0,no,no,93123.3,0
dell,gaming,intel,core i5,8.0,ddr4,512,0,windows,64,4,casual,15.6,1,no,no,51121.0,0
dell,vostro,intel,core i3,4.0,ddr4,256,1024,windows,64,0,thinnlight,14.0,1,no,yes,29674.300000000003,0
dell,core,intel,core i5,8.0,ddr4,0,1024,windows,32,0,casual,15.0,0,no,no,38920.3,0
dell,g5,amd,ryzen 7,16.0,ddr4,512,0,windows,64,6,casual,15.6,0,no,no,60293.3,27
lenovo,yoga,amd,ryzen 7,16.0,ddr4,512,0,windows,64,0,casual,13.3,3,yes,yes,52921.96000000001,0
lenovo,ideapad,intel,core i5,8.0,ddr4,512,0,windows,64,0,casual,15.6,1,no,yes,37519.33,0
dell,inspiron,intel,core i5,8.0,ddr4,512,0,windows,64,0,thinnlight,14.0,0,no,no,48843.0,4
lenovo,thinkpad,intel,core i7,16.0,ddr4,512,0,windows,64,0,thinnlight,13.3,3,no,no,116933.09000000001,0
dell,inspiron,intel,core i5,8.0,ddr4,512,0,windows,64,0,casual,14.0,1,yes,yes,49573.3,17
lenovo,thinkpad,intel,core i5,8.0,ddr4,512,512,windows,64,0,thinnlight,14.0,3,yes,no,84013.98000000001,0
asus,rog,amd,ryzen 9,32.0,lpddr4x,1024,0,windows,64,4,casual,13.4,1,yes,yes,157443.30000000002,0
asus,vivobook,amd,ryzen 5,8.0,ddr4,256,1024,windows,64,0,casual,17.3,1,no,yes,42203.3,34
dell,inspiron,intel,core i3,8.0,ddr4,256,1024,windows,64,0,casual,15.6,1,no,no,32829.33,0
asus,zenbook,intel,core i5,16.0,lpddr4,512,0,windows,64,0,thinnlight,13.3,0,no,no,56943.3,0
dell,core,intel,core i5,16.0,ddr4,512,0,windows,32,2,casual,15.6,0,no,no,49257.73,0
lenovo,ryzen,amd,ryzen 7,16.0,ddr4,512,0,windows,64,4,casual,15.6,0,no,no,49002.46000000001,1
asus,expertbook,intel,core i7,16.0,lpddr3,1024,0,windows,64,0,casual,14.0,0,no,no,103843.3,0
hp,spectre,intel,core i5,8.0,ddr4,512,0,windows,64,0,casual,13.3,1,yes,no,84420.0,1
lenovo,thinkpad,intel,core i7,8.0,ddr4,512,0,windows,64,0,thinnlight,13.3,0,no,no,108740.33,0
asus,core,intel,core i3,4.0,ddr4,0,1024,windows,32,0,thinnlight,15.6,0,no,no,22773.300000000003,7
asus,expertbook,intel,core i5,8.0,ddr4,512,0,windows,32,2,casual,14.0,0,no,no,46893.3,0
lg,gram,intel,core i5,8.0,ddr4,256,0,windows,64,0,thinnlight,14.0,0,no,no,51583.3,0
asus,asus,intel,core i5,16.0,ddr4,512,0,windows,64,6,casual,15.6,1,no,no,59623.3,0
asus,amd,amd,ryzen 5,16.0,ddr4,512,0,windows,64,0,casual,13.3,1,no,no,54263.3,0
avita,pura,amd,apu dual,8.0,ddr4,256,0,windows,64,0,thinnlight,14.0,0,no,no,16743.3,234
dell,dell,amd,ryzen 3,8.0,ddr4,0,1024,windows,64,0,casual,15.6,1,no,no,29473.300000000003,0
hp,hp,intel,core i5,16.0,ddr4,512,0,windows,64,0,thinnlight,13.5,1,yes,yes,77049.33,0
dell,core,intel,core i3,8.0,ddr4,256,0,windows,32,0,casual,15.6,0,no,no,29413.0,0
dell,inspiron,intel,core i5,16.0,ddr4,512,0,windows,64,2,casual,14.0,1,yes,yes,55603.3,2
dell,inspiron,intel,core i3,8.0,ddr4,256,0,windows,64,0,casual,15.6,1,no,no,31282.300000000003,0
acer,intel,intel,core i5,8.0,ddr4,512,0,windows,64,0,thinnlight,14.0,0,yes,no,73699.33,0
asus,rog,amd,ryzen 9,16.0,ddr4,1024,0,windows,64,0,casual,15.6,1,no,no,91113.3,0
asus,expertbook,intel,core i7,16.0,lpddr3,1024,0,windows,64,0,casual,14.0,0,no,no,111213.3,0
lenovo,yoga,intel,core i5,16.0,ddr4,512,0,windows,64,0,thinnlight,14.0,1,yes,yes,55603.3,0
asus,expertbook,intel,core i5,8.0,ddr4,0,1024,windows,64,0,casual,14.0,0,no,no,38183.3,0
lenovo,yoga,intel,core i7,16.0,lpddr4x,1024,0,windows,64,0,thinnlight,14.0,0,no,no,80393.3,1
dell,inspiron,intel,core i5,8.0,ddr4,512,0,windows,64,2,casual,14.0,1,yes,yes,53593.3,0
lenovo,ryzen,amd,ryzen 7,16.0,ddr4,512,1024,windows,32,0,casual,14.0,0,no,no,53928.3,0
dell,inspiron,intel,core i7,8.0,ddr4,512,0,windows,64,0,casual,13.3,1,yes,yes,73157.3,0
dell,inspiron,intel,core i3,8.0,ddr4,0,1024,windows,64,0,casual,15.6,1,no,yes,29078.0,26
asus,zenbook,intel,core i5,16.0,lpddr4x,512,0,windows,64,0,casual,14.0,1,yes,no,77043.3,0
hp,spectre,intel,core i5,16.0,lpddr4x,512,0,windows,64,0,casual,13.5,1,yes,no,87099.33,0
lenovo,core,intel,core i3,4.0,ddr4,256,0,windows,32,0,casual,15.6,0,no,no,27463.300000000003,1
lenovo,core,intel,core i3,4.0,ddr4,0,1024,windows,64,0,casual,15.0,0,no,no,26129.33,5
hp,15s,intel,core i3,8.0,ddr4,512,0,windows,32,0,thinnlight,15.6,1,no,no,34163.3,0
dell,inspiron,intel,core i5,4.0,ddr4,256,1024,windows,64,0,casual,15.6,1,no,yes,39523.3,9
hp,pavilion,intel,core i7,16.0,ddr4,512,0,windows,64,0,casual,14.0,1,yes,yes,66999.33,0
acer,aspire,intel,core i5,8.0,ddr4,0,1024,windows,64,0,thinnlight,15.6,1,no,no,41269.990000000005,0
dell,inspiron,intel,core i5,16.0,ddr4,512,0,windows,64,2,casual,15.6,0,no,no,47764.3,0
asus,rog,intel,i7,8.0,ddr4,0,0,windows,32,6,casual,14.76240673886883,0,no,no,98148.3,1
lenovo,ideapad,intel,core i5,8.0,ddr4,256,1024,windows,64,4,gaming,15.6,0,no,no,50249.33,25
lenovo,ryzen,amd,ryzen 7,16.0,ddr4,512,0,windows,64,4,casual,15.6,1,no,no,71683.3,0
msi,prestige,intel,core i7,16.0,ddr4,512,0,windows,64,2,casual,14.0,1,no,no,70343.3,9
hp,15s,intel,core i3,8.0,ddr4,0,1024,windows,64,0,thinnlight,15.6,1,no,yes,27302.5,116
dell,vostro,intel,core i3,4.0,ddr4,256,1024,windows,64,0,thinnlight,14.0,1,no,yes,26793.300000000003,11
asus,pro,intel,core i5,8.0,ddr4,0,1024,windows,64,0,thinnlight,14.0,0,no,no,54933.3,0
asus,expertbook,intel,core i7,16.0,lpddr3,1024,0,windows,64,0,casual,14.0,0,no,no,112553.3,0
asus,ryzen,amd,ryzen 7,8.0,ddr4,512,0,windows,32,4,casual,15.6,0,no,no,53593.3,0
dell,inspiron,intel,core i5,8.0,ddr4,512,0,windows,64,0,thinnlight,14.0,1,no,yes,53265.0,1
asus,expertbook,intel,core i7,8.0,ddr4,0,1024,windows,64,2,casual,14.0,0,no,no,62973.3,0
dell,inspiron,intel,core i5,8.0,ddr4,512,0,windows,64,2,casual,14.0,1,no,yes,55603.3,3
asus,rog,amd,ryzen 9,16.0,ddr4,1024,0,windows,64,0,casual,14.0,1,no,no,97143.3,0
asus,expertbook,intel,core i5,4.0,ddr4,0,1024,windows,64,0,casual,14.0,0,no,no,41036.83,0
dell,inspiron,intel,core i3,8.0,ddr4,0,1024,windows,64,0,thinnlight,15.6,1,no,yes,28810.0,35
dell,inspiron,intel,core i5,8.0,ddr4,512,0,windows,64,2,casual,15.6,1,no,yes,47556.600000000006,23
acer,aspire,amd,athlon dual,4.0,ddr4,256,0,windows,64,0,casual,15.6,1,no,no,21433.300000000003,13
asus,core,intel,core i7,16.0,lpddr4x,512,0,windows,64,0,thinnlight,13.3,0,yes,no,73693.3,0
asus,zenbook,intel,core i7,16.0,ddr3,512,0,windows,64,0,thinnlight,13.3,1,no,no,66993.3,7
iball,compbook,intel,pentium quad,4.0,ddr3,0,0,windows,64,0,casual,14.76240673886883,0,no,no,9373.300000000001,209
asus,zenbook,intel,core i5,8.0,lpddr4x,512,0,windows,64,0,casual,14.0,1,yes,no,66993.3,0
asus,pro,intel,core i7,8.0,ddr4,256,1024,windows,64,0,thinnlight,14.0,0,no,no,66271.04000000001,0
hp,core,intel,core i3,8.0,ddr4,512,0,windows,64,0,thinnlight,15.6,1,no,yes,32763.000000000004,135
hp,spectre,intel,core i5,8.0,ddr4,256,0,windows,64,0,casual,13.3,1,yes,yes,91515.3,0
lenovo,core,intel,core i7,16.0,ddr4,512,0,windows,64,2,thinnlight,14.0,0,no,no,164016.67,0
dell,inspiron,intel,core i3,8.0,ddr4,256,0,windows,64,0,thinnlight,15.6,1,no,no,26793.300000000003,2
lenovo,ideapad,amd,ryzen 5,8.0,ddr4,512,0,windows,32,0,casual,15.6,1,no,no,40133.0,0
hp,430,intel,core i5,8.0,ddr4,512,0,windows,32,0,casual,13.3,0,no,no,62980.00000000001,0
lenovo,ideapad,intel,i5,8.0,ddr4,0,0,windows,32,2,casual,14.76240673886883,0,no,no,31483.300000000003,569
asus,expertbook,intel,core i7,16.0,lpddr3,2048,0,windows,64,0,casual,14.0,0,no,no,156773.30000000002,0
hp,spectre,intel,core i7,16.0,lpddr4x,1024,0,windows,64,0,casual,13.5,1,yes,no,110550.0,0
dell,core,intel,core i5,16.0,ddr4,512,0,windows,64,2,casual,14.0,0,yes,no,55603.3,3
dell,inspiron,intel,core i7,8.0,ddr4,256,0,windows,64,4,casual,13.3,1,no,yes,58953.3,21
asus,zenbook,intel,core i7,16.0,lpddr4x,512,0,windows,64,0,thinnlight,13.3,0,no,no,63643.3,0
msi,prestige,intel,core i5,16.0,lpddr4x,512,0,windows,64,0,casual,14.0,1,no,no,53593.3,4
avita,pura,amd,apu dual,4.0,ddr4,128,0,windows,64,0,thinnlight,14.0,0,no,no,13393.300000000001,159
hp,ryzen,amd,ryzen 5,8.0,ddr4,256,1024,windows,64,0,thinnlight,14.0,1,no,no,35503.3,74
lenovo,ideapad,intel,core i7,8.0,ddr4,512,0,windows,64,0,thinnlight,13.3,1,no,yes,57620.0,0
asus,pro,intel,core i5,8.0,ddr4,512,0,windows,64,0,thinnlight,14.0,0,no,no,57613.3,0
asus,expertbook,intel,core i5,8.0,ddr4,512,0,windows,64,2,casual,14.0,0,no,no,58283.3,0
asus,zenbook,intel,core i5,8.0,lpddr3,512,0,windows,64,2,casual,14.0,1,no,yes,71013.3,0
asus,vivo,intel,core i3,4.0,ddr4,0,1024,windows,64,0,casual,15.6,0,no,no,25460.0,0
lenovo,core,intel,core i7,16.0,ddr4,512,0,windows,32,2,casual,12.0,0,no,no,108807.33,0
lenovo,v15,intel,core i3,4.0,ddr4,256,0,windows,64,0,thinnlight,15.6,0,no,no,29473.300000000003,0
asus,ryzen,amd,ryzen 9,8.0,ddr4,1024,0,windows,64,4,casual,14.0,1,no,no,100493.3,0
dell,inspiron,amd,ryzen 7,16.0,ddr4,512,0,windows,64,0,casual,14.0,1,yes,yes,60011.9,0
hp,15s,amd,ryzen 5,8.0,ddr4,512,0,windows,64,0,thinnlight,15.6,1,no,yes,36575.3,69
asus,vivobook,intel,core i3,4.0,ddr4,512,0,windows,64,0,casual,14.0,1,no,no,27463.300000000003,519
asus,expertbook,intel,core i5,8.0,lpddr3,512,0,windows,64,0,casual,14.0,0,no,no,56943.3,0
asus,vivobook,intel,core i3,4.0,ddr4,256,0,windows,64,0,thinnlight,14.0,1,no,no,24783.300000000003,9
asus,ryzen,amd,ryzen 5,8.0,ddr4,256,1024,windows,64,0,thinnlight,15.6,1,no,yes,50317.0,0
lenovo,ideapad,intel,core i5,8.0,ddr4,512,0,windows,64,2,casual,15.6,1,no,yes,40199.33,3
dell,core,intel,core i5,8.0,ddr4,0,1024,windows,32,0,casual,14.0,0,no,no,39523.3,0
hp,core,intel,core i7,8.0,ddr4,512,0,windows,32,0,casual,14.0,0,no,no,80131.33,0
dell,inspiron,amd,ryzen 5,8.0,ddr4,512,0,windows,64,0,casual,14.0,1,yes,yes,50585.0,0
dell,vostro,intel,core i3,8.0,ddr4,512,0,windows,64,0,casual,15.6,0,no,no,27999.300000000003,0
lenovo,yoga,intel,core i5,16.0,ddr4,512,0,windows,64,0,casual,14.0,1,no,yes,61639.33,2
lenovo,ideapad,intel,core i3,8.0,ddr4,512,0,windows,64,0,casual,14.0,1,yes,yes,38859.33,2
lenovo,core,intel,core i7,16.0,lpddr3,512,0,windows,64,0,thinnlight,14.0,0,no,no,141874.51,0
asus,vivobook,intel,core i5,8.0,ddr4,256,1024,windows,64,0,casual,15.6,1,no,yes,46163.0,1
lenovo,apu,amd,apu dual,4.0,ddr4,0,1024,windows,64,0,casual,14.0,0,no,no,14670.320000000002,18
dell,inspiron,intel,core i5,16.0,ddr4,512,0,windows,64,0,casual,14.0,1,yes,yes,52863.0,1
asus,expertbook,intel,core i5,8.0,ddr4,0,1024,windows,64,2,casual,14.0,0,no,no,56273.3,0
asus,expertbook,intel,core i5,8.0,lpddr3,512,0,windows,64,0,casual,14.0,0,no,no,88969.3,0
asus,ryzen,amd,ryzen 9,16.0,ddr4,1024,0,windows,64,4,casual,14.0,1,no,no,95803.3,0
hp,15s,amd,ryzen 7,8.0,ddr4,512,0,windows,64,0,thinnlight,15.6,1,no,yes,45895.0,22
avita,pura,amd,apu dual,4.0,ddr4,128,0,windows,64,0,thinnlight,14.0,0,no,no,14398.300000000001,159
hp,ryzen,amd,ryzen 5,8.0,ddr4,512,0,windows,64,0,thinnlight,15.6,1,no,yes,34766.3,48
asus,expertbook,intel,core i5,8.0,ddr4,0,1024,windows,32,2,casual,14.0,0,no,no,39395.33,0
dell,inspiron,intel,core i3,8.0,ddr4,0,1024,windows,64,0,thinnlight,14.96,1,no,yes,25453.300000000003,46
hp,apu,amd,apu dual,4.0,ddr4,0,1024,windows,32,0,casual,14.0,0,no,no,14003.0,141
nokia,purebook,intel,core i5,16.0,ddr4,512,0,windows,64,0,thinnlight,14.0,0,no,no,37513.3,31
lenovo,core,intel,core i5,4.0,ddr4,0,1024,windows,32,0,casual,14.0,0,no,no,33499.33,0
hp,chromebook,mediatek,mediatek kompanio,4.0,lpddr4x,0,0,windows,32,0,casual,14.76240673886883,0,no,no,15068.300000000001,553
asus,chromebook,intel,celeron dual,4.0,lpddr4,0,0,windows,64,0,casual,14.76240673886883,0,no,no,12723.300000000001,25
hp,chromebook,mediatek,mediatek kompanio,4.0,lpddr4x,0,0,windows,32,0,casual,14.76240673886883,0,no,no,15403.300000000001,553
dell,core,intel,core i3,8.0,ddr4,256,0,windows,64,0,casual,15.6,1,no,no,32495.000000000004,0
asus,vivobook,amd,ryzen 5,16.0,ddr4,512,0,windows,64,0,casual,17.3,1,no,no,52260.0,0
dell,inspiron,intel,core i5,8.0,lpddr4x,1024,0,windows,64,0,thinnlight,13.3,0,no,no,49707.3,3
hp,250-g6,intel,core i5,4.0,ddr4,0,1024,windows,32,2,casual,15.6,0,no,no,30954.000000000004,7
hp,pavilion,intel,core i5,8.0,ddr4,0,1024,windows,64,2,casual,15.6,1,no,yes,43543.3,4
hp,14a,intel,celeron dual,4.0,ddr4,0,0,windows,64,0,casual,14.76240673886883,0,no,no,17734.9,23
lenovo,ideapad,intel,core i5,8.0,ddr4,512,0,windows,64,4,gaming,15.6,0,no,no,40863.3,6
lenovo,ideapad,intel,celeron dual,4.0,lpddr4x,0,0,windows,64,0,casual,14.76240673886883,0,no,no,17413.3,16
lenovo,intel,intel,core i7,16.0,ddr4,512,0,windows,32,0,casual,14.0,0,no,no,74369.33,0
avita,pura,amd,apu dual,8.0,ddr4,256,0,windows,64,0,thinnlight,14.0,0,no,no,16743.3,234
asus,chromebook,intel,celeron dual,4.0,lpddr4,0,0,windows,32,0,casual,14.76240673886883,0,no,no,12053.300000000001,148
dell,inspiron,intel,core i5,8.0,ddr4,256,1024,windows,64,2,casual,15.6,0,no,no,48035.65,16
avita,liber,intel,core i5,8.0,ddr4,512,0,windows,64,0,thinnlight,13.3,0,no,no,43922.520000000004,0
hp,chromebook,intel,celeron dual,4.0,ddr4,0,0,windows,64,0,casual,14.76240673886883,0,no,no,18753.300000000003,65
hp,da,intel,core i3,8.0,ddr4,0,1024,windows,64,2,casual,15.6,0,no,no,33016.93,3
avita,cosmos,intel,celeron dual,4.0,ddr4,0,0,windows,64,0,casual,14.76240673886883,0,no,no,11718.300000000001,196
asus,asus,intel,core i9,16.0,ddr4,1024,0,windows,64,6,gaming,15.6,1,no,no,93793.3,0
avita,liber,intel,core i7,16.0,ddr4,1024,0,windows,64,0,thinnlight,14.0,0,no,no,42203.3,49
hp,athlon,amd,athlon dual,32.0,ddr4,32,0,windows,32,4,casual,14.0,0,no,no,18022.33,0
lenovo,thinkbook,intel,core i7,16.0,lpddr4,1024,0,windows,64,0,casual,13.0,1,no,yes,57613.3,2
lenovo,core,intel,core i3,8.0,ddr4,0,1024,windows,32,0,casual,15.6,0,no,no,26129.33,2
dell,inspiron,intel,core i5,16.0,ddr4,512,0,windows,64,0,thinnlight,15.6,0,no,no,47027.3,3
vaio,e,amd,ryzen 5,8.0,ddr4,512,0,windows,64,0,thinnlight,15.6,2,no,yes,34163.3,144
dell,core,intel,core i5,8.0,ddr4,512,0,windows,64,2,casual,14.0,1,yes,no,53325.3,0
hp,pavilion,amd,ryzen 5,16.0,ddr4,512,0,windows,64,0,thinnlight,14.0,1,no,yes,40199.33,1
hp,15q,amd,ryzen 3,4.0,ddr4,0,1024,windows,64,0,casual,15.6,1,no,no,22054.390000000003,58
avita,liber,intel,core i5,8.0,ddr4,512,0,windows,64,0,thinnlight,13.3,0,no,no,43922.520000000004,0
asus,tuf,intel,core i5,8.0,ddr4,512,0,windows,64,4,casual,15.6,1,no,no,51583.3,0
asus,vivobook,intel,core i3,8.0,ddr4,256,0,windows,64,0,casual,15.6,0,no,no,32823.3,0
hp,hp,intel,core i7,16.0,ddr4,1024,0,windows,64,2,casual,13.3,1,no,yes,63643.3,0
nokia,purebook,intel,core i5,8.0,ddr4,512,0,windows,64,0,thinnlight,14.0,0,no,no,35369.3,0
dell,core,intel,core i7,16.0,ddr4,512,0,windows,64,4,casual,15.6,1,no,no,66993.3,0
hp,omen,intel,core i7,16.0,ddr4,1024,0,windows,64,6,casual,16.1,1,no,yes,91783.3,0
dell,inspiron,intel,core i3,8.0,ddr4,512,0,windows,64,0,thinnlight,15.6,0,no,no,30773.100000000002,0
lenovo,ideapad,amd,ryzen 7,16.0,ddr4,512,0,windows,64,0,casual,14.0,1,no,no,49178.0,0
hp,pavilion,intel,core i3,8.0,ddr4,512,0,windows,64,0,casual,14.0,1,yes,yes,37178.3,15
avita,liber,intel,core i5,8.0,ddr4,512,0,windows,64,0,thinnlight,13.3,0,no,no,43922.520000000004,0
acer,swift,intel,i7,8.0,ddr4,0,0,windows,32,0,casual,14.76240673886883,0,no,no,63107.3,6
vaio,e,amd,ryzen 7,8.0,ddr4,512,0,windows,64,0,thinnlight,15.6,2,no,yes,38853.3,26
lenovo,legion,intel,core i7,16.0,ddr4,1024,0,windows,64,8,casual,15.6,1,no,yes,157443.30000000002,0
hp,x360,intel,core i3,8.0,ddr4,256,0,windows,64,0,casual,14.0,1,yes,no,37848.3,0
avita,liber,intel,core i5,8.0,ddr4,512,0,windows,64,0,thinnlight,14.0,0,no,no,30143.300000000003,3
asus,intel,intel,core i5,8.0,ddr4,512,0,windows,64,0,casual,13.3,1,yes,yes,56943.3,2
asus,ryzen,amd,ryzen 7,16.0,lpddr4x,1024,0,windows,64,0,thinnlight,13.3,1,no,yes,56929.9,1
hp,15q,intel,core i5,8.0,ddr4,0,1024,windows,64,0,casual,15.6,1,no,no,31349.300000000003,325
smartron,t.book,intel,core i5,4.0,ddr3,128,0,windows,64,0,casual,12.2,0,yes,no,35503.3,4
dell,inspiron,amd,ryzen 3,8.0,ddr4,512,0,windows,64,0,thinnlight,15.6,0,no,no,28200.300000000003,0
hp,pavilion,amd,ryzen 5,8.0,ddr4,512,0,windows,64,4,gaming,15.6,1,no,yes,43543.3,1
asus,eeebook,intel,celeron dual,4.0,ddr4,0,0,windows,64,0,casual,14.76240673886883,0,no,no,15403.300000000001,0
hp,pavilion,amd,ryzen 7,16.0,ddr4,512,0,windows,64,2,casual,14.0,1,no,yes,53593.3,6
lenovo,ideapad,intel,core i5,8.0,ddr4,512,0,windows,64,2,casual,14.0,1,yes,yes,58289.33,0
hp,pavilion,intel,core i3,4.0,ddr4,256,0,windows,64,0,casual,14.0,1,yes,yes,36339.46,8
hp,pavilion,amd,ryzen 7,16.0,ddr4,512,0,windows,64,4,gaming,15.6,1,no,yes,56943.3,2
hp,core,intel,core i5,4.0,ddr4,0,1024,windows,64,0,casual,15.6,1,no,no,29881.33,12
asus,core,intel,core i3,8.0,ddr4,0,1024,windows,32,0,casual,15.6,0,no,no,27805.0,0
asus,zenbook,intel,core i7,8.0,lpddr3,512,0,windows,64,0,thinnlight,13.3,1,no,no,54933.3,4
acer,core,intel,core i3,4.0,ddr4,0,1024,windows,32,0,casual,15.6,0,no,no,24789.33,0
hp,pavilion,intel,core i5,16.0,ddr4,512,0,windows,64,2,casual,15.6,1,no,no,52260.0,85
dell,core,intel,core i3,8.0,ddr4,0,1024,windows,32,0,casual,15.6,0,no,no,28743.0,0
lenovo,thinkbook,intel,core i5,8.0,ddr4,1024,0,windows,64,0,thinnlight,13.3,1,no,yes,43543.3,0
asus,expertbook,intel,core i3,4.0,ddr4,0,1024,windows,64,0,casual,15.6,0,no,no,23214.83,0
avita,liber,intel,core i5,8.0,ddr4,512,0,windows,64,0,thinnlight,14.0,0,no,no,48952.21000000001,3
avita,liber,intel,core i5,8.0,ddr4,512,0,windows,64,0,thinnlight,14.0,0,no,no,48952.21000000001,3
smartron,t.book,intel,core m3,4.0,ddr3,128,0,windows,64,0,casual,12.2,0,yes,no,28803.300000000003,6
dell,inspiron,intel,core i5,8.0,ddr4,0,2048,windows,64,2,casual,15.6,1,no,yes,41752.39,53
hp,hp,intel,core i5,16.0,ddr4,512,0,windows,64,4,casual,14.0,1,no,yes,67663.3,0
lenovo,ideapad,intel,core i5,8.0,ddr4,512,0,windows,64,0,thinnlight,13.3,1,no,yes,50243.3,1
asus,rog,intel,core i5,8.0,ddr4,512,0,windows,64,4,casual,15.6,0,no,no,50913.3,137
acer,swift,intel,core i5,8.0,ddr4,256,0,windows,64,0,thinnlight,13.3,1,no,no,39858.3,7
asus,vivobook14,intel,core i5,8.0,ddr4,256,0,windows,64,0,thinnlight,14.1,1,no,no,33366.0,0
lenovo,core,intel,core i9,16.0,ddr4,1024,0,windows,32,8,casual,15.6,0,no,no,178218.66,0
dell,inspiron,intel,pentium quad,4.0,ddr4,256,0,windows,64,0,casual,15.6,1,no,no,24113.300000000003,0
msi,gf63,intel,core i7,8.0,ddr4,512,0,windows,64,4,casual,15.6,2,no,no,44883.3,230
lenovo,ideapad,intel,celeron dual,4.0,lpddr4,0,0,windows,32,0,casual,14.76240673886883,0,no,no,11383.300000000001,54
lenovo,core,intel,core i5,8.0,ddr4,512,0,windows,32,2,casual,15.6,1,no,yes,56337.62,3
dell,insprion,intel,core i3,8.0,ddr4,0,1024,windows,32,0,casual,15.6,0,no,no,27791.600000000002,4
asus,vivobook,intel,core i3,8.0,ddr4,0,1024,windows,64,0,casual,15.6,0,no,no,22103.300000000003,0
lenovo,ideapad,intel,core i5,8.0,ddr4,256,0,windows,64,0,casual,15.6,1,no,yes,41539.33,0
acer,swift,intel,core i5,8.0,ddr4,0,1024,windows,64,2,casual,15.6,1,no,no,48885.880000000005,6
avita,liber,intel,core i7,8.0,ddr4,256,0,windows,64,0,thinnlight,14.0,0,no,no,49573.3,0
avita,liber,intel,core i7,8.0,ddr4,256,0,windows,64,0,thinnlight,14.0,0,no,no,49573.3,0
avita,liber,intel,core i7,8.0,ddr4,256,0,windows,64,0,thinnlight,14.0,0,no,no,49573.3,0
avita,liber,intel,core i7,8.0,ddr4,256,0,windows,64,0,thinnlight,14.0,0,no,no,49573.3,0
avita,liber,intel,core i7,8.0,ddr4,256,0,windows,64,0,thinnlight,14.0,0,no,no,49573.3,0
lenovo,ideapad,intel,celeron dual,4.0,lpddr4,0,0,windows,32,0,casual,14.76240673886883,0,no,no,16743.3,16
avita,liber,intel,core i7,8.0,ddr4,256,0,windows,64,0,thinnlight,14.0,0,no,no,49573.3,0
asus,vivobook,intel,core i3,8.0,ddr4,0,1024,windows,64,0,casual,15.6,1,no,no,25915.600000000002,1
lenovo,celeron,intel,celeron dual,4.0,ddr4,0,1024,windows,32,0,casual,15.6,0,no,no,20099.33,1
lenovo,ryzen,amd,ryzen 3,4.0,ddr4,0,1024,windows,64,0,casual,15.6,0,no,no,23443.300000000003,6
hp,250,intel,core i5,8.0,ddr4,0,1024,windows,32,0,casual,15.6,1,no,yes,32689.300000000003,1
acer,aspire,intel,core i5,8.0,ddr4,0,1024,windows,64,2,casual,15.6,1,no,no,37848.97,6
hp,15q,intel,core i3,4.0,ddr4,0,1024,windows,64,0,casual,15.6,0,no,no,22079.850000000002,27
dell,inspiron,amd,ryzen 3,8.0,ddr4,0,1024,windows,64,0,thinnlight,14.96,0,no,no,26793.300000000003,4
acer,travelmate,intel,core i5,16.0,ddr4,256,1024,windows,64,0,casual,14.0,0,no,no,41868.3,0
apple,macbook,apple,m1 processor,8.0,ddr4,512,0,mac,64,0,casual,13.3,1,no,no,70343.3,629
dell,core,intel,core i3,8.0,ddr4,256,1024,windows,64,0,thinnlight,15.6,0,no,no,31081.300000000003,5
dell,core,intel,core i3,8.0,ddr4,0,1024,windows,64,0,thinnlight,14.96,0,no,no,27061.300000000003,15
hp,pavilion,intel,core i5,8.0,ddr4,128,0,windows,64,0,thinnlight,13.3,1,no,no,50928.04,16
asus,vivobook,intel,core i3,4.0,ddr4,0,1024,windows,64,0,thinnlight,14.1,0,no,no,22773.300000000003,6
lenovo,v15,intel,core i3,4.0,ddr4,0,1024,windows,64,0,casual,15.6,0,no,no,26799.33,1
